,Interval,kWh,sec,Wh,cumul(ms),dates,days
1574532,26527,0.14,26.527,135.71078523768236,38984673261,2024-11-15 00:00:17.002085,15/11/24
1574533,25087,0.14,25.087,143.50061784988242,38984698348,2024-11-15 00:00:42.089085,15/11/24
1574534,25386,0.14,25.386,141.81044670290711,38984723734,2024-11-15 00:01:07.475085,15/11/24
1574535,26025,0.14,26.025,138.328530259366,38984749759,2024-11-15 00:01:33.500085,15/11/24
1574536,26856,0.13,26.856,134.04825737265415,38984776615,2024-11-15 00:02:00.356085,15/11/24
1574537,27171,0.13,27.171,132.49420337860218,38984803786,2024-11-15 00:02:27.527085,15/11/24
1574538,27449,0.13,27.449,131.15231884585958,38984831235,2024-11-15 00:02:54.976085,15/11/24
1574539,27625,0.13,27.625,130.31674208144796,38984858860,2024-11-15 00:03:22.601085,15/11/24
1574540,27765,0.13,27.765,129.65964343598054,38984886625,2024-11-15 00:03:50.366085,15/11/24
1574541,27645,0.13,27.645,130.22246337493218,38984914270,2024-11-15 00:04:18.011085,15/11/24
1574542,27323,0.13,27.323,131.75712769461626,38984941593,2024-11-15 00:04:45.334085,15/11/24
1574543,27162,0.13,27.162,132.5381047051027,38984968755,2024-11-15 00:05:12.496085,15/11/24
1574544,26807,0.13,26.807,134.2932816055508,38984995562,2024-11-15 00:05:39.303085,15/11/24
1574545,25642,0.14,25.642,140.3946650027299,38985021204,2024-11-15 00:06:04.945085,15/11/24
1574546,25565,0.14,25.565,140.81752395853707,38985046769,2024-11-15 00:06:30.510085,15/11/24
1574547,25186,0.14,25.186,142.9365520527277,38985071955,2024-11-15 00:06:55.696085,15/11/24
1574548,25438,0.14,25.438,141.5205597924365,38985097393,2024-11-15 00:07:21.134085,15/11/24
1574549,25531,0.14,25.531,141.0050526810544,38985122924,2024-11-15 00:07:46.665085,15/11/24
1574550,25530,0.14,25.53,141.0105757931845,38985148454,2024-11-15 00:08:12.195085,15/11/24
1574551,25598,0.14,25.598,140.63598718649894,38985174052,2024-11-15 00:08:37.793085,15/11/24
1574552,25280,0.14,25.28,142.40506329113924,38985199332,2024-11-15 00:09:03.073085,15/11/24
1574553,25539,0.14,25.539,140.96088335486903,38985224871,2024-11-15 00:09:28.612085,15/11/24
1574554,25394,0.14,25.394,141.76577144207292,38985250265,2024-11-15 00:09:54.006085,15/11/24
1574555,25100,0.14,25.1,143.42629482071712,38985275365,2024-11-15 00:10:19.106085,15/11/24
1574556,25354,0.14,25.354,141.9894296757908,38985300719,2024-11-15 00:10:44.460085,15/11/24
1574557,25697,0.14,25.697,140.09417441724716,38985326416,2024-11-15 00:11:10.157085,15/11/24
1574558,25293,0.14,25.293,142.33187047799785,38985351709,2024-11-15 00:11:35.450085,15/11/24
1574559,25403,0.14,25.403,141.71554540802268,38985377112,2024-11-15 00:12:00.853085,15/11/24
1574560,25619,0.14,25.619,140.52070728756001,38985402731,2024-11-15 00:12:26.472085,15/11/24
1574561,25831,0.14,25.831,139.36742673531802,38985428562,2024-11-15 00:12:52.303085,15/11/24
1574562,26243,0.14,26.243,137.17943832641086,38985454805,2024-11-15 00:13:18.546085,15/11/24
1574563,26442,0.14,26.442,136.14703880190606,38985481247,2024-11-15 00:13:44.988085,15/11/24
1574564,26234,0.14,26.234,137.22649996188153,38985507481,2024-11-15 00:14:11.222085,15/11/24
1574565,26248,0.14,26.248,137.15330691862238,38985533729,2024-11-15 00:14:37.470085,15/11/24
1574566,26381,0.14,26.381,136.46184754179143,38985560110,2024-11-15 00:15:03.851085,15/11/24
1574567,26678,0.13,26.678,134.94264937401604,38985586788,2024-11-15 00:15:30.529085,15/11/24
1574568,26352,0.14,26.352,136.6120218579235,38985613140,2024-11-15 00:15:56.881085,15/11/24
1574569,26374,0.14,26.374,136.4980662773944,38985639514,2024-11-15 00:16:23.255085,15/11/24
1574570,26589,0.14,26.589,135.3943360036105,38985666103,2024-11-15 00:16:49.844085,15/11/24
1574571,27159,0.13,27.159,132.5527449464266,38985693262,2024-11-15 00:17:17.003085,15/11/24
1574572,27027,0.13,27.027,133.2001332001332,38985720289,2024-11-15 00:17:44.030085,15/11/24
1574573,27007,0.13,27.007,133.29877439182434,38985747296,2024-11-15 00:18:11.037085,15/11/24
1574574,26926,0.13,26.926,133.69976973928544,38985774222,2024-11-15 00:18:37.963085,15/11/24
1574575,26795,0.13,26.795,134.35342414629596,38985801017,2024-11-15 00:19:04.758085,15/11/24
1574576,27001,0.13,27.001,133.32839524462057,38985828018,2024-11-15 00:19:31.759085,15/11/24
1574577,27262,0.13,27.262,132.05194042990243,38985855280,2024-11-15 00:19:59.021085,15/11/24
1574578,27581,0.13,27.581,130.52463652514413,38985882861,2024-11-15 00:20:26.602085,15/11/24
1574579,27590,0.13,27.59,130.48205871692642,38985910451,2024-11-15 00:20:54.192085,15/11/24
1574580,27676,0.13,27.676,130.07660066483595,38985938127,2024-11-15 00:21:21.868085,15/11/24
1574581,27644,0.13,27.644,130.22717407032266,38985965771,2024-11-15 00:21:49.512085,15/11/24
1574582,26946,0.13,26.946,133.6005344021376,38985992717,2024-11-15 00:22:16.458085,15/11/24
1574583,26351,0.14,26.351,136.61720617813367,38986019068,2024-11-15 00:22:42.809085,15/11/24
1574584,25526,0.14,25.526,141.03267256914518,38986044594,2024-11-15 00:23:08.335085,15/11/24
1574585,26069,0.14,26.069,138.09505542982086,38986070663,2024-11-15 00:23:34.404085,15/11/24
1574586,27023,0.13,27.023,133.21984975761387,38986097686,2024-11-15 00:24:01.427085,15/11/24
1574587,27152,0.13,27.152,132.58691809074838,38986124838,2024-11-15 00:24:28.579085,15/11/24
1574588,27109,0.13,27.109,132.79722601350105,38986151947,2024-11-15 00:24:55.688085,15/11/24
1574589,26842,0.13,26.842,134.11817301244318,38986178789,2024-11-15 00:25:22.530085,15/11/24
1574590,26849,0.13,26.849,134.08320607843868,38986205638,2024-11-15 00:25:49.379085,15/11/24
1574591,27289,0.13,27.289,131.92128696544395,38986232927,2024-11-15 00:26:16.668085,15/11/24
1574592,27182,0.13,27.182,132.44058568170112,38986260109,2024-11-15 00:26:43.850085,15/11/24
1574593,26873,0.13,26.873,133.9634577456927,38986286982,2024-11-15 00:27:10.723085,15/11/24
1574594,27083,0.13,27.083,132.92471291954362,38986314065,2024-11-15 00:27:37.806085,15/11/24
1574595,27425,0.13,27.425,131.26709206927984,38986341490,2024-11-15 00:28:05.231085,15/11/24
1574596,27847,0.13,27.847,129.27783962365785,38986369337,2024-11-15 00:28:33.078085,15/11/24
1574597,28164,0.13,28.164,127.82275244993609,38986397501,2024-11-15 00:29:01.242085,15/11/24
1574598,28147,0.13,28.147,127.89995381390557,38986425648,2024-11-15 00:29:29.389085,15/11/24
1574599,27737,0.13,27.737,129.7905325017125,38986453385,2024-11-15 00:29:57.126085,15/11/24
1574600,27872,0.13,27.872,129.16188289322616,38986481257,2024-11-15 00:30:24.998085,15/11/24
1574601,28168,0.13,28.168,127.80460096563476,38986509425,2024-11-15 00:30:53.166085,15/11/24
1574602,28075,0.13,28.075,128.2279608192342,38986537500,2024-11-15 00:31:21.241085,15/11/24
1574603,28103,0.13,28.103,128.10020282532113,38986565603,2024-11-15 00:31:49.344085,15/11/24
1574604,27908,0.13,27.908,128.99527017342697,38986593511,2024-11-15 00:32:17.252085,15/11/24
1574605,27969,0.13,27.969,128.71393328327792,38986621480,2024-11-15 00:32:45.221085,15/11/24
1574606,27793,0.13,27.793,129.52901809808225,38986649273,2024-11-15 00:33:13.014085,15/11/24
1574607,27671,0.13,27.671,130.1001048028622,38986676944,2024-11-15 00:33:40.685085,15/11/24
1574608,27463,0.13,27.463,131.08546043767979,38986704407,2024-11-15 00:34:08.148085,15/11/24
1574609,27725,0.13,27.725,129.8467087466186,38986732132,2024-11-15 00:34:35.873085,15/11/24
1574610,28021,0.13,28.021,128.47507226722814,38986760153,2024-11-15 00:35:03.894085,15/11/24
1574611,27878,0.13,27.878,129.1340842241194,38986788031,2024-11-15 00:35:31.772085,15/11/24
1574612,27930,0.13,27.93,128.89366272824918,38986815961,2024-11-15 00:35:59.702085,15/11/24
1574613,28016,0.13,28.016,128.49800114220446,38986843977,2024-11-15 00:36:27.718085,15/11/24
1574614,26916,0.13,26.916,133.74944271065536,38986870893,2024-11-15 00:36:54.634085,15/11/24
1574615,26264,0.14,26.264,137.0697532744441,38986897157,2024-11-15 00:37:20.898085,15/11/24
1574616,26585,0.14,26.585,135.4147075418469,38986923742,2024-11-15 00:37:47.483085,15/11/24
1574617,26614,0.14,26.614,135.26715262643722,38986950356,2024-11-15 00:38:14.097085,15/11/24
1574618,25835,0.14,25.835,139.34584865492548,38986976191,2024-11-15 00:38:39.932085,15/11/24
1574619,26080,0.14,26.08,138.03680981595093,38987002271,2024-11-15 00:39:06.012085,15/11/24
1574620,26129,0.14,26.129,137.77794787400973,38987028400,2024-11-15 00:39:32.141085,15/11/24
1574621,26155,0.14,26.155,137.6409864270694,38987054555,2024-11-15 00:39:58.296085,15/11/24
1574622,26045,0.14,26.045,138.22230754463428,38987080600,2024-11-15 00:40:24.341085,15/11/24
1574623,26284,0.14,26.284,136.96545426875664,38987106884,2024-11-15 00:40:50.625085,15/11/24
1574624,26315,0.14,26.315,136.8041041231237,38987133199,2024-11-15 00:41:16.940085,15/11/24
1574625,26386,0.14,26.386,136.4359887819298,38987159585,2024-11-15 00:41:43.326085,15/11/24
1574626,26293,0.14,26.293,136.91857148290418,38987185878,2024-11-15 00:42:09.619085,15/11/24
1574627,26009,0.14,26.009,138.41362605252027,38987211887,2024-11-15 00:42:35.628085,15/11/24
1574628,26270,0.14,26.27,137.03844689760183,38987238157,2024-11-15 00:43:01.898085,15/11/24
1574629,26049,0.14,26.049,138.20108257514684,38987264206,2024-11-15 00:43:27.947085,15/11/24
1574630,26445,0.14,26.445,136.13159387407828,38987290651,2024-11-15 00:43:54.392085,15/11/24
1574631,26352,0.14,26.352,136.6120218579235,38987317003,2024-11-15 00:44:20.744085,15/11/24
1574632,26084,0.14,26.084,138.01564177273426,38987343087,2024-11-15 00:44:46.828085,15/11/24
1574633,26248,0.14,26.248,137.15330691862238,38987369335,2024-11-15 00:45:13.076085,15/11/24
1574634,26343,0.14,26.343,136.6586949094636,38987395678,2024-11-15 00:45:39.419085,15/11/24
1574635,26230,0.14,26.23,137.24742661075103,38987421908,2024-11-15 00:46:05.649085,15/11/24
1574636,25951,0.14,25.951,138.72297791992602,38987447859,2024-11-15 00:46:31.600085,15/11/24
1574637,26042,0.14,26.042,138.23823055064895,38987473901,2024-11-15 00:46:57.642085,15/11/24
1574638,22090,0.16,22.09,162.96966953372566,38987495991,2024-11-15 00:47:19.732085,15/11/24
1574639,16375,0.22,16.375,219.84732824427482,38987512366,2024-11-15 00:47:36.107085,15/11/24
1574640,16789,0.21,16.789,214.42611233545773,38987529155,2024-11-15 00:47:52.896085,15/11/24
1574641,16921,0.21,16.921,212.7533833697772,38987546076,2024-11-15 00:48:09.817085,15/11/24
1574642,17086,0.21,17.086,210.69881774552266,38987563162,2024-11-15 00:48:26.903085,15/11/24
1574643,17158,0.21,17.158,209.81466371371954,38987580320,2024-11-15 00:48:44.061085,15/11/24
1574644,17228,0.21,17.228,208.96215463199442,38987597548,2024-11-15 00:49:01.289085,15/11/24
1574645,17212,0.21,17.212,209.15640250987684,38987614760,2024-11-15 00:49:18.501085,15/11/24
1574646,17282,0.21,17.282,208.30922346950584,38987632042,2024-11-15 00:49:35.783085,15/11/24
1574647,17361,0.21,17.361,207.3613271124935,38987649403,2024-11-15 00:49:53.144085,15/11/24
1574648,17333,0.21,17.333,207.69630185195868,38987666736,2024-11-15 00:50:10.477085,15/11/24
1574649,17430,0.21,17.43,206.54044750430293,38987684166,2024-11-15 00:50:27.907085,15/11/24
1574650,17638,0.2,17.638,204.10477378387571,38987701804,2024-11-15 00:50:45.545085,15/11/24
1574651,17800,0.2,17.8,202.24719101123594,38987719604,2024-11-15 00:51:03.345085,15/11/24
1574652,17885,0.2,17.885,201.28599384959463,38987737489,2024-11-15 00:51:21.230085,15/11/24
1574653,17963,0.2,17.963,200.41195791348883,38987755452,2024-11-15 00:51:39.193085,15/11/24
1574654,17883,0.2,17.883,201.30850528434826,38987773335,2024-11-15 00:51:57.076085,15/11/24
1574655,17876,0.2,17.876,201.38733497426716,38987791211,2024-11-15 00:52:14.952085,15/11/24
1574656,18020,0.2,18.02,199.7780244173141,38987809231,2024-11-15 00:52:32.972085,15/11/24
1574657,18137,0.2,18.137,198.48927606550146,38987827368,2024-11-15 00:52:51.109085,15/11/24
1574658,18097,0.2,18.097,198.92799911587556,38987845465,2024-11-15 00:53:09.206085,15/11/24
1574659,18126,0.2,18.126,198.60973187686196,38987863591,2024-11-15 00:53:27.332085,15/11/24
1574660,18249,0.2,18.249,197.27108334703271,38987881840,2024-11-15 00:53:45.581085,15/11/24
1574661,18270,0.2,18.27,197.04433497536945,38987900110,2024-11-15 00:54:03.851085,15/11/24
1574662,18237,0.2,18.237,197.40088830399736,38987918347,2024-11-15 00:54:22.088085,15/11/24
1574663,18419,0.19,18.419,195.4503501818774,38987936766,2024-11-15 00:54:40.507085,15/11/24
1574664,18364,0.2,18.364,196.0357220649096,38987955130,2024-11-15 00:54:58.871085,15/11/24
1574665,18324,0.2,18.324,196.46365422396858,38987973454,2024-11-15 00:55:17.195085,15/11/24
1574666,18516,0.19,18.516,194.42644199611146,38987991970,2024-11-15 00:55:35.711085,15/11/24
1574667,18591,0.19,18.591,193.64208487978053,38988010561,2024-11-15 00:55:54.302085,15/11/24
1574668,18580,0.19,18.58,193.756727664155,38988029141,2024-11-15 00:56:12.882085,15/11/24
1574669,18612,0.19,18.612,193.42359767891682,38988047753,2024-11-15 00:56:31.494085,15/11/24
1574670,18703,0.19,18.703,192.48248944019676,38988066456,2024-11-15 00:56:50.197085,15/11/24
1574671,18549,0.19,18.549,194.0805434255216,38988085005,2024-11-15 00:57:08.746085,15/11/24
1574672,18707,0.19,18.707,192.44133212166568,38988103712,2024-11-15 00:57:27.453085,15/11/24
1574673,18906,0.19,18.906,190.4157410345922,38988122618,2024-11-15 00:57:46.359085,15/11/24
1574674,19003,0.19,19.003,189.44377203599433,38988141621,2024-11-15 00:58:05.362085,15/11/24
1574675,22023,0.16,22.023,163.46546791990193,38988163644,2024-11-15 00:58:27.385085,15/11/24
1574676,28209,0.13,28.209,127.6188450494523,38988191853,2024-11-15 00:58:55.594085,15/11/24
1574677,28274,0.13,28.274,127.32545801796704,38988220127,2024-11-15 00:59:23.868085,15/11/24
1574678,28135,0.13,28.135,127.95450506486583,38988248262,2024-11-15 00:59:52.003085,15/11/24
1574679,27298,0.13,27.298,131.87779324492638,38988275560,2024-11-15 01:00:19.301085,15/11/24
1574680,27490,0.13,27.49,130.956711531466,38988303050,2024-11-15 01:00:46.791085,15/11/24
1574681,27599,0.13,27.599,130.43950867785065,38988330649,2024-11-15 01:01:14.390085,15/11/24
1574682,27648,0.13,27.648,130.20833333333334,38988358297,2024-11-15 01:01:42.038085,15/11/24
1574683,27511,0.13,27.511,130.856748209807,38988385808,2024-11-15 01:02:09.549085,15/11/24
1574684,27813,0.13,27.813,129.43587531010678,38988413621,2024-11-15 01:02:37.362085,15/11/24
1574685,27241,0.13,27.241,132.15373884952828,38988440862,2024-11-15 01:03:04.603085,15/11/24
1574686,27640,0.13,27.64,130.24602026049203,38988468502,2024-11-15 01:03:32.243085,15/11/24
1574687,27861,0.13,27.861,129.2128782168623,38988496363,2024-11-15 01:04:00.104085,15/11/24
1574688,27833,0.13,27.833,129.3428663816333,38988524196,2024-11-15 01:04:27.937085,15/11/24
1574689,28218,0.13,28.218,127.5781416117372,38988552414,2024-11-15 01:04:56.155085,15/11/24
1574690,27867,0.13,27.867,129.18505759500485,38988580281,2024-11-15 01:05:24.022085,15/11/24
1574691,27866,0.13,27.866,129.18969353333813,38988608147,2024-11-15 01:05:51.888085,15/11/24
1574692,27749,0.13,27.749,129.7344048434178,38988635896,2024-11-15 01:06:19.637085,15/11/24
1574693,27007,0.13,27.007,133.29877439182434,38988662903,2024-11-15 01:06:46.644085,15/11/24
1574694,26724,0.13,26.724,134.7103726986978,38988689627,2024-11-15 01:07:13.368085,15/11/24
1574695,29011,0.12,29.011,124.09086208679466,38988718638,2024-11-15 01:07:42.379085,15/11/24
1574696,28635,0.12,28.635,125.72027239392352,38988747273,2024-11-15 01:08:11.014085,15/11/24
1574697,29054,0.12,29.054,123.90720726922282,38988776327,2024-11-15 01:08:40.068085,15/11/24
1574698,33973,0.1,33.973,105.96650281105583,38988810300,2024-11-15 01:09:14.041085,15/11/24
1574699,34055,0.1,34.055,105.7113492879166,38988844355,2024-11-15 01:09:48.096085,15/11/24
1574700,33912,0.11,33.912,106.15711252653928,38988878267,2024-11-15 01:10:22.008085,15/11/24
1574701,34118,0.1,34.118,105.51614983293277,38988912385,2024-11-15 01:10:56.126085,15/11/24
1574702,34336,0.1,34.336,104.8462255358807,38988946721,2024-11-15 01:11:30.462085,15/11/24
1574703,33827,0.11,33.827,106.42386259496851,38988980548,2024-11-15 01:12:04.289085,15/11/24
1574704,33744,0.11,33.744,106.68563300142247,38989014292,2024-11-15 01:12:38.033085,15/11/24
1574705,33861,0.11,33.861,106.31700186054753,38989048153,2024-11-15 01:13:11.894085,15/11/24
1574706,34859,0.1,34.859,103.27318626466622,38989083012,2024-11-15 01:13:46.753085,15/11/24
1574707,35039,0.1,35.039,102.74265818088416,38989118051,2024-11-15 01:14:21.792085,15/11/24
1574708,34977,0.1,34.977,102.9247791405781,38989153028,2024-11-15 01:14:56.769085,15/11/24
1574709,34892,0.1,34.892,103.17551301157859,38989187920,2024-11-15 01:15:31.661085,15/11/24
1574710,34707,0.1,34.707,103.7254732474717,38989222627,2024-11-15 01:16:06.368085,15/11/24
1574711,35102,0.1,35.102,102.55825878867302,38989257729,2024-11-15 01:16:41.470085,15/11/24
1574712,36536,0.1,36.536,98.53295379899278,38989294265,2024-11-15 01:17:18.006085,15/11/24
1574713,36757,0.1,36.757,97.94052833473896,38989331022,2024-11-15 01:17:54.763085,15/11/24
1574714,35767,0.1,35.767,100.65143847680824,38989366789,2024-11-15 01:18:30.530085,15/11/24
1574715,35469,0.1,35.469,101.49708195889369,38989402258,2024-11-15 01:19:05.999085,15/11/24
1574716,34515,0.1,34.515,104.30247718383312,38989436773,2024-11-15 01:19:40.514085,15/11/24
1574717,35560,0.1,35.56,101.23734533183352,38989472333,2024-11-15 01:20:16.074085,15/11/24
1574718,35989,0.1,35.989,100.03056489482897,38989508322,2024-11-15 01:20:52.063085,15/11/24
1574719,35980,0.1,35.98,100.0555864369094,38989544302,2024-11-15 01:21:28.043085,15/11/24
1574720,36055,0.1,36.055,99.84745527666065,38989580357,2024-11-15 01:22:04.098085,15/11/24
1574721,35215,0.1,35.215,102.22916370864688,38989615572,2024-11-15 01:22:39.313085,15/11/24
1574722,35301,0.1,35.301,101.98011387779383,38989650873,2024-11-15 01:23:14.614085,15/11/24
1574723,35648,0.1,35.648,100.98743267504489,38989686521,2024-11-15 01:23:50.262085,15/11/24
1574724,35746,0.1,35.746,100.71056901471493,38989722267,2024-11-15 01:24:26.008085,15/11/24
1574725,36078,0.1,36.078,99.78380176284716,38989758345,2024-11-15 01:25:02.086085,15/11/24
1574726,35904,0.1,35.904,100.26737967914438,38989794249,2024-11-15 01:25:37.990085,15/11/24
1574727,35581,0.1,35.581,101.17759478373289,38989829830,2024-11-15 01:26:13.571085,15/11/24
1574728,35836,0.1,35.836,100.4576403616475,38989865666,2024-11-15 01:26:49.407085,15/11/24
1574729,35257,0.1,35.257,102.10738293104916,38989900923,2024-11-15 01:27:24.664085,15/11/24
1574730,35803,0.1,35.803,100.55023322067983,38989936726,2024-11-15 01:28:00.467085,15/11/24
1574731,35773,0.1,35.773,100.63455678863947,38989972499,2024-11-15 01:28:36.240085,15/11/24
1574732,37051,0.1,37.051,97.16336940973252,38990009550,2024-11-15 01:29:13.291085,15/11/24
1574733,37037,0.1,37.037,97.2000972000972,38990046587,2024-11-15 01:29:50.328085,15/11/24
1574734,36897,0.1,36.897,97.56890804130417,38990083484,2024-11-15 01:30:27.225085,15/11/24
1574735,37174,0.1,37.174,96.84187873244741,38990120658,2024-11-15 01:31:04.399085,15/11/24
1574736,35959,0.1,35.959,100.11401874356906,38990156617,2024-11-15 01:31:40.358085,15/11/24
1574737,35987,0.1,35.987,100.0361241559452,38990192604,2024-11-15 01:32:16.345085,15/11/24
1574738,35914,0.1,35.914,100.23946093445453,38990228518,2024-11-15 01:32:52.259085,15/11/24
1574739,35951,0.1,35.951,100.13629662596311,38990264469,2024-11-15 01:33:28.210085,15/11/24
1574740,35325,0.1,35.325,101.91082802547771,38990299794,2024-11-15 01:34:03.535085,15/11/24
1574741,35433,0.1,35.433,101.6002032004064,38990335227,2024-11-15 01:34:38.968085,15/11/24
1574742,35710,0.1,35.71,100.8120974516942,38990370937,2024-11-15 01:35:14.678085,15/11/24
1574743,35867,0.1,35.867,100.37081439763571,38990406804,2024-11-15 01:35:50.545085,15/11/24
1574744,35255,0.1,35.255,102.11317543610835,38990442059,2024-11-15 01:36:25.800085,15/11/24
1574745,34672,0.1,34.672,103.83017997231195,38990476731,2024-11-15 01:37:00.472085,15/11/24
1574746,33111,0.11,33.111,108.72519706441967,38990509842,2024-11-15 01:37:33.583085,15/11/24
1574747,33676,0.11,33.676,106.90105713267609,38990543518,2024-11-15 01:38:07.259085,15/11/24
1574748,34273,0.1,34.273,105.03895194467948,38990577791,2024-11-15 01:38:41.532085,15/11/24
1574749,34505,0.1,34.505,104.33270540501377,38990612296,2024-11-15 01:39:16.037085,15/11/24
1574750,34101,0.1,34.101,105.56875164951174,38990646397,2024-11-15 01:39:50.138085,15/11/24
1574751,33393,0.11,33.393,107.80702542449016,38990679790,2024-11-15 01:40:23.531085,15/11/24
1574752,34221,0.1,34.221,105.19856228631542,38990714011,2024-11-15 01:40:57.752085,15/11/24
1574753,33725,0.11,33.725,106.74573758339511,38990747736,2024-11-15 01:41:31.477085,15/11/24
1574754,34114,0.1,34.114,105.52852201442224,38990781850,2024-11-15 01:42:05.591085,15/11/24
1574755,33940,0.11,33.94,106.0695344725987,38990815790,2024-11-15 01:42:39.531085,15/11/24
1574756,34020,0.1,34.02,105.82010582010582,38990849810,2024-11-15 01:43:13.551085,15/11/24
1574757,34084,0.1,34.084,105.62140593827016,38990883894,2024-11-15 01:43:47.635085,15/11/24
1574758,34221,0.1,34.221,105.19856228631542,38990918115,2024-11-15 01:44:21.856085,15/11/24
1574759,34308,0.1,34.308,104.9317943336831,38990952423,2024-11-15 01:44:56.164085,15/11/24
1574760,34616,0.1,34.616,103.99815114397967,38990987039,2024-11-15 01:45:30.780085,15/11/24
1574761,34135,0.1,34.135,105.46360041013622,38991021174,2024-11-15 01:46:04.915085,15/11/24
1574762,34233,0.1,34.233,105.16168609236702,38991055407,2024-11-15 01:46:39.148085,15/11/24
1574763,34989,0.1,34.989,102.88947955071593,38991090396,2024-11-15 01:47:14.137085,15/11/24
1574764,35801,0.1,35.801,100.55585039524036,38991126197,2024-11-15 01:47:49.938085,15/11/24
1574765,34950,0.1,34.95,103.00429184549357,38991161147,2024-11-15 01:48:24.888085,15/11/24
1574766,35980,0.1,35.98,100.0555864369094,38991197127,2024-11-15 01:49:00.868085,15/11/24
1574767,36157,0.1,36.157,99.56578255939375,38991233284,2024-11-15 01:49:37.025085,15/11/24
1574768,36348,0.1,36.348,99.04258831297457,38991269632,2024-11-15 01:50:13.373085,15/11/24
1574769,36012,0.1,36.012,99.96667777407531,38991305644,2024-11-15 01:50:49.385085,15/11/24
1574770,36320,0.1,36.32,99.11894273127753,38991341964,2024-11-15 01:51:25.705085,15/11/24
1574771,35792,0.1,35.792,100.5811354492624,38991377756,2024-11-15 01:52:01.497085,15/11/24
1574772,35878,0.1,35.878,100.34004125090584,38991413634,2024-11-15 01:52:37.375085,15/11/24
1574773,36031,0.1,36.031,99.91396297632595,38991449665,2024-11-15 01:53:13.406085,15/11/24
1574774,36481,0.1,36.481,98.68150544118856,38991486146,2024-11-15 01:53:49.887085,15/11/24
1574775,36655,0.1,36.655,98.21306779429818,38991522801,2024-11-15 01:54:26.542085,15/11/24
1574776,36296,0.1,36.296,99.18448313863787,38991559097,2024-11-15 01:55:02.838085,15/11/24
1574777,36053,0.1,36.053,99.85299420297895,38991595150,2024-11-15 01:55:38.891085,15/11/24
1574778,36860,0.1,36.86,97.66684753119914,38991632010,2024-11-15 01:56:15.751085,15/11/24
1574779,36535,0.1,36.535,98.53565074586014,38991668545,2024-11-15 01:56:52.286085,15/11/24
1574780,36083,0.1,36.083,99.76997478036749,38991704628,2024-11-15 01:57:28.369085,15/11/24
1574781,35905,0.1,35.905,100.26458710486004,38991740533,2024-11-15 01:58:04.274085,15/11/24
1574782,35093,0.1,35.093,102.58456102356595,38991775626,2024-11-15 01:58:39.367085,15/11/24
1574783,35787,0.1,35.787,100.59518819683124,38991811413,2024-11-15 01:59:15.154085,15/11/24
1574784,35834,0.1,35.834,100.46324719540101,38991847247,2024-11-15 01:59:50.988085,15/11/24
1574785,35239,0.1,35.239,102.15953914696784,38991882486,2024-11-15 02:00:26.227085,15/11/24
1574786,34970,0.1,34.97,102.94538175579068,38991917456,2024-11-15 02:01:01.197085,15/11/24
1574787,34512,0.1,34.512,104.3115438108484,38991951968,2024-11-15 02:01:35.709085,15/11/24
1574788,35707,0.1,35.707,100.82056739574874,38991987675,2024-11-15 02:02:11.416085,15/11/24
1574789,35747,0.1,35.747,100.7077516994433,38992023422,2024-11-15 02:02:47.163085,15/11/24
1574790,35494,0.1,35.494,101.42559305798163,38992058916,2024-11-15 02:03:22.657085,15/11/24
1574791,35682,0.1,35.682,100.89120564990752,38992094598,2024-11-15 02:03:58.339085,15/11/24
1574792,29089,0.12,29.089,123.75812162673175,38992123687,2024-11-15 02:04:27.428085,15/11/24
1574793,19652,0.18,19.652,183.18746183594544,38992143339,2024-11-15 02:04:47.080085,15/11/24
1574794,20024,0.18,20.024,179.7842588893328,38992163363,2024-11-15 02:05:07.104085,15/11/24
1574795,20184,0.18,20.184,178.359096313912,38992183547,2024-11-15 02:05:27.288085,15/11/24
1574796,20213,0.18,20.213,178.10320091030525,38992203760,2024-11-15 02:05:47.501085,15/11/24
1574797,20294,0.18,20.294,177.39233270917512,38992224054,2024-11-15 02:06:07.795085,15/11/24
1574798,20370,0.18,20.37,176.73048600883652,38992244424,2024-11-15 02:06:28.165085,15/11/24
1574799,20038,0.18,20.038,179.65864856772134,38992264462,2024-11-15 02:06:48.203085,15/11/24
1574800,20299,0.18,20.299,177.3486378639342,38992284761,2024-11-15 02:07:08.502085,15/11/24
1574801,20388,0.18,20.388,176.57445556209535,38992305149,2024-11-15 02:07:28.890085,15/11/24
1574802,20457,0.17,20.457,175.9788825340959,38992325606,2024-11-15 02:07:49.347085,15/11/24
1574803,20639,0.17,20.639,174.427055574398,38992346245,2024-11-15 02:08:09.986085,15/11/24
1574804,20756,0.17,20.756,173.44382347273077,38992367001,2024-11-15 02:08:30.742085,15/11/24
1574805,20898,0.17,20.898,172.2652885443583,38992387899,2024-11-15 02:08:51.640085,15/11/24
1574806,20875,0.17,20.875,172.4550898203593,38992408774,2024-11-15 02:09:12.515085,15/11/24
1574807,20993,0.17,20.993,171.48573333968466,38992429767,2024-11-15 02:09:33.508085,15/11/24
1574808,21025,0.17,21.025,171.22473246135553,38992450792,2024-11-15 02:09:54.533085,15/11/24
1574809,20752,0.17,20.752,173.47725520431766,38992471544,2024-11-15 02:10:15.285085,15/11/24
1574810,21008,0.17,21.008,171.36329017517136,38992492552,2024-11-15 02:10:36.293085,15/11/24
1574811,21151,0.17,21.151,170.20471845302822,38992513703,2024-11-15 02:10:57.444085,15/11/24
1574812,21164,0.17,21.164,170.1001701001701,38992534867,2024-11-15 02:11:18.608085,15/11/24
1574813,21675,0.17,21.675,166.08996539792386,38992556542,2024-11-15 02:11:40.283085,15/11/24
1574814,21319,0.17,21.319,168.8634551339181,38992577861,2024-11-15 02:12:01.602085,15/11/24
1574815,21300,0.17,21.3,169.01408450704224,38992599161,2024-11-15 02:12:22.902085,15/11/24
1574816,21482,0.17,21.482,167.58216180988734,38992620643,2024-11-15 02:12:44.384085,15/11/24
1574817,21815,0.17,21.815,165.0240660096264,38992642458,2024-11-15 02:13:06.199085,15/11/24
1574818,21652,0.17,21.652,166.2663957140218,38992664110,2024-11-15 02:13:27.851085,15/11/24
1574819,22224,0.16,22.224,161.98704103671707,38992686334,2024-11-15 02:13:50.075085,15/11/24
1574820,22274,0.16,22.274,161.62341743737093,38992708608,2024-11-15 02:14:12.349085,15/11/24
1574821,22138,0.16,22.138,162.6163158370223,38992730746,2024-11-15 02:14:34.487085,15/11/24
1574822,22173,0.16,22.173,162.35962657285887,38992752919,2024-11-15 02:14:56.660085,15/11/24
1574823,22192,0.16,22.192,162.22062004325883,38992775111,2024-11-15 02:15:18.852085,15/11/24
1574824,33467,0.11,33.467,107.56864971464428,38992808578,2024-11-15 02:15:52.319085,15/11/24
1574825,35356,0.1,35.356,101.82147301730966,38992843934,2024-11-15 02:16:27.675085,15/11/24
1574826,35766,0.1,35.766,100.65425264217413,38992879700,2024-11-15 02:17:03.441085,15/11/24
1574827,36644,0.1,36.644,98.24254993996288,38992916344,2024-11-15 02:17:40.085085,15/11/24
1574828,36469,0.1,36.469,98.7139762538046,38992952813,2024-11-15 02:18:16.554085,15/11/24
1574829,35871,0.1,35.871,100.35962197875722,38992988684,2024-11-15 02:18:52.425085,15/11/24
1574830,35169,0.1,35.169,102.36287639682675,38993023853,2024-11-15 02:19:27.594085,15/11/24
1574831,36450,0.1,36.45,98.76543209876543,38993060303,2024-11-15 02:20:04.044085,15/11/24
1574832,35819,0.1,35.819,100.50531840643234,38993096122,2024-11-15 02:20:39.863085,15/11/24
1574833,36243,0.1,36.243,99.32952570151477,38993132365,2024-11-15 02:21:16.106085,15/11/24
1574834,36783,0.1,36.783,97.87129924149743,38993169148,2024-11-15 02:21:52.889085,15/11/24
1574835,36122,0.1,36.122,99.66225568905377,38993205270,2024-11-15 02:22:29.011085,15/11/24
1574836,35688,0.1,35.688,100.87424344317418,38993240958,2024-11-15 02:23:04.699085,15/11/24
1574837,36235,0.1,36.235,99.35145577480337,38993277193,2024-11-15 02:23:40.934085,15/11/24
1574838,36426,0.1,36.426,98.83050568275408,38993313619,2024-11-15 02:24:17.360085,15/11/24
1574839,36649,0.1,36.649,98.2291467707168,38993350268,2024-11-15 02:24:54.009085,15/11/24
1574840,36303,0.1,36.303,99.16535823485663,38993386571,2024-11-15 02:25:30.312085,15/11/24
1574841,36821,0.1,36.821,97.77029412563483,38993423392,2024-11-15 02:26:07.133085,15/11/24
1574842,36722,0.1,36.722,98.03387615053646,38993460114,2024-11-15 02:26:43.855085,15/11/24
1574843,36180,0.1,36.18,99.50248756218906,38993496294,2024-11-15 02:27:20.035085,15/11/24
1574844,36570,0.1,36.57,98.44134536505332,38993532864,2024-11-15 02:27:56.605085,15/11/24
1574845,36641,0.1,36.641,98.25059359733632,38993569505,2024-11-15 02:28:33.246085,15/11/24
1574846,36905,0.1,36.905,97.54775775640157,38993606410,2024-11-15 02:29:10.151085,15/11/24
1574847,37059,0.1,37.059,97.1423945600259,38993643469,2024-11-15 02:29:47.210085,15/11/24
1574848,36876,0.1,36.876,97.624471200781,38993680345,2024-11-15 02:30:24.086085,15/11/24
1574849,36883,0.1,36.883,97.60594311742537,38993717228,2024-11-15 02:31:00.969085,15/11/24
1574850,36755,0.1,36.755,97.9458577064345,38993753983,2024-11-15 02:31:37.724085,15/11/24
1574851,36839,0.1,36.839,97.72252232688184,38993790822,2024-11-15 02:32:14.563085,15/11/24
1574852,36672,0.1,36.672,98.16753926701571,38993827494,2024-11-15 02:32:51.235085,15/11/24
1574853,36771,0.1,36.771,97.90323896548911,38993864265,2024-11-15 02:33:28.006085,15/11/24
1574854,36714,0.1,36.714,98.05523778395163,38993900979,2024-11-15 02:34:04.720085,15/11/24
1574855,36492,0.1,36.492,98.65175928970733,38993937471,2024-11-15 02:34:41.212085,15/11/24
1574856,36800,0.1,36.8,97.82608695652173,38993974271,2024-11-15 02:35:18.012085,15/11/24
1574857,37047,0.1,37.047,97.1738602315977,38994011318,2024-11-15 02:35:55.059085,15/11/24
1574858,36985,0.1,36.985,97.336758145194,38994048303,2024-11-15 02:36:32.044085,15/11/24
1574859,34679,0.1,34.679,103.80922171919606,38994082982,2024-11-15 02:37:06.723085,15/11/24
1574860,33627,0.11,33.627,107.05682933357124,38994116609,2024-11-15 02:37:40.350085,15/11/24
1574861,34813,0.1,34.813,103.40964582196305,38994151422,2024-11-15 02:38:15.163085,15/11/24
1574862,34833,0.1,34.833,103.35027129446215,38994186255,2024-11-15 02:38:49.996085,15/11/24
1574863,34764,0.1,34.764,103.55540214014498,38994221019,2024-11-15 02:39:24.760085,15/11/24
1574864,35045,0.1,35.045,102.72506777000999,38994256064,2024-11-15 02:39:59.805085,15/11/24
1574865,34680,0.1,34.68,103.80622837370242,38994290744,2024-11-15 02:40:34.485085,15/11/24
1574866,34790,0.1,34.79,103.47801092267893,38994325534,2024-11-15 02:41:09.275085,15/11/24
1574867,34790,0.1,34.79,103.47801092267893,38994360324,2024-11-15 02:41:44.065085,15/11/24
1574868,34412,0.1,34.412,104.61466930140648,38994394736,2024-11-15 02:42:18.477085,15/11/24
1574869,34481,0.1,34.481,104.40532467155825,38994429217,2024-11-15 02:42:52.958085,15/11/24
1574870,34395,0.1,34.395,104.66637592673354,38994463612,2024-11-15 02:43:27.353085,15/11/24
1574871,34749,0.1,34.749,103.6001036001036,38994498361,2024-11-15 02:44:02.102085,15/11/24
1574872,34374,0.1,34.374,104.73031942747426,38994532735,2024-11-15 02:44:36.476085,15/11/24
1574873,34320,0.1,34.32,104.8951048951049,38994567055,2024-11-15 02:45:10.796085,15/11/24
1574874,33222,0.11,33.222,108.3619288423334,38994600277,2024-11-15 02:45:44.018085,15/11/24
1574875,33818,0.11,33.818,106.4521852268023,38994634095,2024-11-15 02:46:17.836085,15/11/24
1574876,34415,0.1,34.415,104.60554990556443,38994668510,2024-11-15 02:46:52.251085,15/11/24
1574877,35399,0.1,35.399,101.69778807310941,38994703909,2024-11-15 02:47:27.650085,15/11/24
1574878,35861,0.1,35.861,100.38760770753744,38994739770,2024-11-15 02:48:03.511085,15/11/24
1574879,36291,0.1,36.291,99.19814830123171,38994776061,2024-11-15 02:48:39.802085,15/11/24
1574880,35954,0.1,35.954,100.12794125827446,38994812015,2024-11-15 02:49:15.756085,15/11/24
1574881,36327,0.1,36.327,99.0998430919151,38994848342,2024-11-15 02:49:52.083085,15/11/24
1574882,36280,0.1,36.28,99.22822491730982,38994884622,2024-11-15 02:50:28.363085,15/11/24
1574883,36268,0.1,36.268,99.26105657880225,38994920890,2024-11-15 02:51:04.631085,15/11/24
1574884,36822,0.1,36.822,97.7676389115203,38994957712,2024-11-15 02:51:41.453085,15/11/24
1574885,36625,0.1,36.625,98.29351535836177,38994994337,2024-11-15 02:52:18.078085,15/11/24
1574886,36802,0.1,36.802,97.82077061029293,38995031139,2024-11-15 02:52:54.880085,15/11/24
1574887,36296,0.1,36.296,99.18448313863787,38995067435,2024-11-15 02:53:31.176085,15/11/24
1574888,36720,0.1,36.72,98.03921568627452,38995104155,2024-11-15 02:54:07.896085,15/11/24
1574889,36725,0.1,36.725,98.02586793737237,38995140880,2024-11-15 02:54:44.621085,15/11/24
1574890,36623,0.1,36.623,98.2988832154657,38995177503,2024-11-15 02:55:21.244085,15/11/24
1574891,36735,0.1,36.735,97.99918334013883,38995214238,2024-11-15 02:55:57.979085,15/11/24
1574892,36708,0.1,36.708,98.07126511932005,38995250946,2024-11-15 02:56:34.687085,15/11/24
1574893,35322,0.1,35.322,101.91948360794972,38995286268,2024-11-15 02:57:10.009085,15/11/24
1574894,35578,0.1,35.578,101.18612625779977,38995321846,2024-11-15 02:57:45.587085,15/11/24
1574895,35821,0.1,35.821,100.49970687585494,38995357667,2024-11-15 02:58:21.408085,15/11/24
1574896,36015,0.1,36.015,99.95835068721367,38995393682,2024-11-15 02:58:57.423085,15/11/24
1574897,35926,0.1,35.926,100.20597895674442,38995429608,2024-11-15 02:59:33.349085,15/11/24
1574898,35807,0.1,35.807,100.5390007540425,38995465415,2024-11-15 03:00:09.156085,15/11/24
1574899,34029,0.1,34.029,105.7921184871727,38995499444,2024-11-15 03:00:43.185085,15/11/24
1574900,34692,0.1,34.692,103.77032168799724,38995534136,2024-11-15 03:01:17.877085,15/11/24
1574901,35085,0.1,35.085,102.60795211628901,38995569221,2024-11-15 03:01:52.962085,15/11/24
1574902,34970,0.1,34.97,102.94538175579068,38995604191,2024-11-15 03:02:27.932085,15/11/24
1574903,35181,0.1,35.181,102.32796111537478,38995639372,2024-11-15 03:03:03.113085,15/11/24
1574904,34876,0.1,34.876,103.22284665672669,38995674248,2024-11-15 03:03:37.989085,15/11/24
1574905,34782,0.1,34.782,103.50181128169743,38995709030,2024-11-15 03:04:12.771085,15/11/24
1574906,35013,0.1,35.013,102.81895296032901,38995744043,2024-11-15 03:04:47.784085,15/11/24
1574907,34862,0.1,34.862,103.26429923699156,38995778905,2024-11-15 03:05:22.646085,15/11/24
1574908,34912,0.1,34.912,103.11640696608616,38995813817,2024-11-15 03:05:57.558085,15/11/24
1574909,34224,0.1,34.224,105.18934081346424,38995848041,2024-11-15 03:06:31.782085,15/11/24
1574910,33184,0.11,33.184,108.48601735776278,38995881225,2024-11-15 03:07:04.966085,15/11/24
1574911,33173,0.11,33.173,108.52199077563078,38995914398,2024-11-15 03:07:38.139085,15/11/24
1574912,33348,0.11,33.348,107.95250089960417,38995947746,2024-11-15 03:08:11.487085,15/11/24
1574913,33379,0.11,33.379,107.85224242787382,38995981125,2024-11-15 03:08:44.866085,15/11/24
1574914,33146,0.11,33.146,108.61039039401436,38996014271,2024-11-15 03:09:18.012085,15/11/24
1574915,32959,0.11,32.959,109.22661488516034,38996047230,2024-11-15 03:09:50.971085,15/11/24
1574916,33005,0.11,33.005,109.07438266929253,38996080235,2024-11-15 03:10:23.976085,15/11/24
1574917,33428,0.11,33.428,107.6941486179251,38996113663,2024-11-15 03:10:57.404085,15/11/24
1574918,33736,0.11,33.736,106.71093194213896,38996147399,2024-11-15 03:11:31.140085,15/11/24
1574919,34298,0.1,34.298,104.96238847746224,38996181697,2024-11-15 03:12:05.438085,15/11/24
1574920,34839,0.1,34.839,103.33247222939809,38996216536,2024-11-15 03:12:40.277085,15/11/24
1574921,34952,0.1,34.952,102.99839780270085,38996251488,2024-11-15 03:13:15.229085,15/11/24
1574922,34931,0.1,34.931,103.0603189144313,38996286419,2024-11-15 03:13:50.160085,15/11/24
1574923,35682,0.1,35.682,100.89120564990752,38996322101,2024-11-15 03:14:25.842085,15/11/24
1574924,35875,0.1,35.875,100.34843205574913,38996357976,2024-11-15 03:15:01.717085,15/11/24
1574925,35855,0.1,35.855,100.40440663784689,38996393831,2024-11-15 03:15:37.572085,15/11/24
1574926,35627,0.1,35.627,101.0469587672271,38996429458,2024-11-15 03:16:13.199085,15/11/24
1574927,35799,0.1,35.799,100.56146819743569,38996465257,2024-11-15 03:16:48.998085,15/11/24
1574928,36444,0.1,36.444,98.78169245966414,38996501701,2024-11-15 03:17:25.442085,15/11/24
1574929,36993,0.1,36.993,97.31570837726056,38996538694,2024-11-15 03:18:02.435085,15/11/24
1574930,36690,0.1,36.69,98.11937857726902,38996575384,2024-11-15 03:18:39.125085,15/11/24
1574931,36629,0.1,36.629,98.2827814027137,38996612013,2024-11-15 03:19:15.754085,15/11/24
1574932,36886,0.1,36.886,97.59800466301577,38996648899,2024-11-15 03:19:52.640085,15/11/24
1574933,36784,0.1,36.784,97.86863853849499,38996685683,2024-11-15 03:20:29.424085,15/11/24
1574934,36687,0.1,36.687,98.12740207703001,38996722370,2024-11-15 03:21:06.111085,15/11/24
1574935,36678,0.1,36.678,98.15148045149681,38996759048,2024-11-15 03:21:42.789085,15/11/24
1574936,36740,0.1,36.74,97.9858464888405,38996795788,2024-11-15 03:22:19.529085,15/11/24
1574937,17414,0.21,17.414,206.73021706672793,38996813202,2024-11-15 03:22:36.943085,15/11/24
1574938,20548,0.17,20.548,175.19953280124585,38996833750,2024-11-15 03:22:57.491085,15/11/24
1574939,20574,0.17,20.574,174.97812773403325,38996854324,2024-11-15 03:23:18.065085,15/11/24
1574940,20628,0.17,20.628,174.52006980802793,38996874952,2024-11-15 03:23:38.693085,15/11/24
1574941,20845,0.17,20.845,172.70328615975055,38996895797,2024-11-15 03:23:59.538085,15/11/24
1574942,20943,0.17,20.943,171.89514396218306,38996916740,2024-11-15 03:24:20.481085,15/11/24
1574943,21051,0.17,21.051,171.01325352714835,38996937791,2024-11-15 03:24:41.532085,15/11/24
1574944,21026,0.17,21.026,171.2165889850661,38996958817,2024-11-15 03:25:02.558085,15/11/24
1574945,21139,0.17,21.139,170.30133875774635,38996979956,2024-11-15 03:25:23.697085,15/11/24
1574946,21284,0.17,21.284,169.14113888366848,38997001240,2024-11-15 03:25:44.981085,15/11/24
1574947,21229,0.17,21.229,169.57934900372132,38997022469,2024-11-15 03:26:06.210085,15/11/24
1574948,21340,0.17,21.34,168.69728209934397,38997043809,2024-11-15 03:26:27.550085,15/11/24
1574949,21233,0.17,21.233,169.54740262798475,38997065042,2024-11-15 03:26:48.783085,15/11/24
1574950,21043,0.17,21.043,171.0782683077508,38997086085,2024-11-15 03:27:09.826085,15/11/24
1574951,21419,0.17,21.419,168.07507353284467,38997107504,2024-11-15 03:27:31.245085,15/11/24
1574952,21649,0.17,21.649,166.2894360016629,38997129153,2024-11-15 03:27:52.894085,15/11/24
1574953,21407,0.17,21.407,168.16929041902182,38997150560,2024-11-15 03:28:14.301085,15/11/24
1574954,21626,0.17,21.626,166.46629057615831,38997172186,2024-11-15 03:28:35.927085,15/11/24
1574955,22019,0.16,22.019,163.49516326808666,38997194205,2024-11-15 03:28:57.946085,15/11/24
1574956,22093,0.16,22.093,162.9475399447789,38997216298,2024-11-15 03:29:20.039085,15/11/24
1574957,22060,0.16,22.06,163.19129646418858,38997238358,2024-11-15 03:29:42.099085,15/11/24
1574958,21983,0.16,21.983,163.76290770140562,38997260341,2024-11-15 03:30:04.082085,15/11/24
1574959,22024,0.16,22.024,163.45804576825282,38997282365,2024-11-15 03:30:26.106085,15/11/24
1574960,22187,0.16,22.187,162.25717762653807,38997304552,2024-11-15 03:30:48.293085,15/11/24
1574961,22332,0.16,22.332,161.20365394948954,38997326884,2024-11-15 03:31:10.625085,15/11/24
1574962,22392,0.16,22.392,160.77170418006432,38997349276,2024-11-15 03:31:33.017085,15/11/24
1574963,22498,0.16,22.498,160.01422348653213,38997371774,2024-11-15 03:31:55.515085,15/11/24
1574964,22504,0.16,22.504,159.97156061144685,38997394278,2024-11-15 03:32:18.019085,15/11/24
1574965,22538,0.16,22.538,159.73023338361878,38997416816,2024-11-15 03:32:40.557085,15/11/24
1574966,22702,0.16,22.702,158.57633688661792,38997439518,2024-11-15 03:33:03.259085,15/11/24
1574967,26942,0.13,26.942,133.6203696830228,38997466460,2024-11-15 03:33:30.201085,15/11/24
1574968,36814,0.1,36.814,97.78888466344326,38997503274,2024-11-15 03:34:07.015085,15/11/24
1574969,36588,0.1,36.588,98.39291571006888,38997539862,2024-11-15 03:34:43.603085,15/11/24
1574970,36780,0.1,36.78,97.87928221859707,38997576642,2024-11-15 03:35:20.383085,15/11/24
1574971,37027,0.1,37.027,97.22634834040025,38997613669,2024-11-15 03:35:57.410085,15/11/24
1574972,36920,0.1,36.92,97.50812567713976,38997650589,2024-11-15 03:36:34.330085,15/11/24
1574973,34754,0.1,34.754,103.58519882603441,38997685343,2024-11-15 03:37:09.084085,15/11/24
1574974,34181,0.1,34.181,105.32166993358884,38997719524,2024-11-15 03:37:43.265085,15/11/24
1574975,34873,0.1,34.873,103.23172655062656,38997754397,2024-11-15 03:38:18.138085,15/11/24
1574976,34893,0.1,34.893,103.17255610007737,38997789290,2024-11-15 03:38:53.031085,15/11/24
1574977,34878,0.1,34.878,103.21692757612249,38997824168,2024-11-15 03:39:27.909085,15/11/24
1574978,34923,0.1,34.923,103.08392749763766,38997859091,2024-11-15 03:40:02.832085,15/11/24
1574979,34644,0.1,34.644,103.91409767925182,38997893735,2024-11-15 03:40:37.476085,15/11/24
1574980,34938,0.1,34.938,103.03967027305512,38997928673,2024-11-15 03:41:12.414085,15/11/24
1574981,34814,0.1,34.814,103.40667547538347,38997963487,2024-11-15 03:41:47.228085,15/11/24
1574982,34205,0.1,34.205,105.2477707937436,38997997692,2024-11-15 03:42:21.433085,15/11/24
1574983,34813,0.1,34.813,103.40964582196305,38998032505,2024-11-15 03:42:56.246085,15/11/24
1574984,34264,0.1,34.264,105.06654214335747,38998066769,2024-11-15 03:43:30.510085,15/11/24
1574985,34834,0.1,34.834,103.34730435781134,38998101603,2024-11-15 03:44:05.344085,15/11/24
1574986,35099,0.1,35.099,102.56702470155845,38998136702,2024-11-15 03:44:40.443085,15/11/24
1574987,35044,0.1,35.044,102.72799908686223,38998171746,2024-11-15 03:45:15.487085,15/11/24
1574988,35046,0.1,35.046,102.7221366204417,38998206792,2024-11-15 03:45:50.533085,15/11/24
1574989,34749,0.1,34.749,103.6001036001036,38998241541,2024-11-15 03:46:25.282085,15/11/24
1574990,35067,0.1,35.067,102.66062109675764,38998276608,2024-11-15 03:47:00.349085,15/11/24
1574991,36012,0.1,36.012,99.96667777407531,38998312620,2024-11-15 03:47:36.361085,15/11/24
1574992,36059,0.1,36.059,99.83637926731191,38998348679,2024-11-15 03:48:12.420085,15/11/24
1574993,36744,0.1,36.744,97.97517962116264,38998385423,2024-11-15 03:48:49.164085,15/11/24
1574994,36836,0.1,36.836,97.73048105114562,38998422259,2024-11-15 03:49:26.000085,15/11/24
1574995,36817,0.1,36.817,97.78091642447782,38998459076,2024-11-15 03:50:02.817085,15/11/24
1574996,36111,0.1,36.111,99.69261443881366,38998495187,2024-11-15 03:50:38.928085,15/11/24
1574997,36889,0.1,36.889,97.59006749979669,38998532076,2024-11-15 03:51:15.817085,15/11/24
1574998,36529,0.1,36.529,98.5518355279367,38998568605,2024-11-15 03:51:52.346085,15/11/24
1574999,35881,0.1,35.881,100.33165184916808,38998604486,2024-11-15 03:52:28.227085,15/11/24
1575000,36536,0.1,36.536,98.53295379899278,38998641022,2024-11-15 03:53:04.763085,15/11/24
1575001,36465,0.1,36.465,98.72480460715755,38998677487,2024-11-15 03:53:41.228085,15/11/24
1575002,36725,0.1,36.725,98.02586793737237,38998714212,2024-11-15 03:54:17.953085,15/11/24
1575003,36869,0.1,36.869,97.64300631967235,38998751081,2024-11-15 03:54:54.822085,15/11/24
1575004,36675,0.1,36.675,98.15950920245399,38998787756,2024-11-15 03:55:31.497085,15/11/24
1575005,36580,0.1,36.58,98.41443411700382,38998824336,2024-11-15 03:56:08.077085,15/11/24
1575006,36578,0.1,36.578,98.41981518945815,38998860914,2024-11-15 03:56:44.655085,15/11/24
1575007,35765,0.1,35.765,100.65706696490983,38998896679,2024-11-15 03:57:20.420085,15/11/24
1575008,36857,0.1,36.857,97.6747971891364,38998933536,2024-11-15 03:57:57.277085,15/11/24
1575009,36705,0.1,36.705,98.07928075194116,38998970241,2024-11-15 03:58:33.982085,15/11/24
1575010,37061,0.1,37.061,97.13715226248617,38999007302,2024-11-15 03:59:11.043085,15/11/24
1575011,36973,0.1,36.973,97.36834987693723,38999044275,2024-11-15 03:59:48.016085,15/11/24
1575012,34974,0.1,34.974,102.9336078229542,38999079249,2024-11-15 04:00:22.990085,15/11/24
1575013,34731,0.1,34.731,103.65379632029023,38999113980,2024-11-15 04:00:57.721085,15/11/24
1575014,34733,0.1,34.733,103.64782771427748,38999148713,2024-11-15 04:01:32.454085,15/11/24
1575015,35114,0.1,35.114,102.5232101156234,38999183827,2024-11-15 04:02:07.568085,15/11/24
1575016,35108,0.1,35.108,102.54073145721773,38999218935,2024-11-15 04:02:42.676085,15/11/24
1575017,34853,0.1,34.853,103.29096490976387,38999253788,2024-11-15 04:03:17.529085,15/11/24
1575018,34776,0.1,34.776,103.51966873706004,38999288564,2024-11-15 04:03:52.305085,15/11/24
1575019,34856,0.1,34.856,103.28207482212531,38999323420,2024-11-15 04:04:27.161085,15/11/24
1575020,35098,0.1,35.098,102.56994700552738,38999358518,2024-11-15 04:05:02.259085,15/11/24
1575021,35150,0.1,35.15,102.41820768136557,38999393668,2024-11-15 04:05:37.409085,15/11/24
1575022,34288,0.1,34.288,104.99300046663556,38999427956,2024-11-15 04:06:11.697085,15/11/24
1575023,33456,0.11,33.456,107.60401721664276,38999461412,2024-11-15 04:06:45.153085,15/11/24
1575024,33007,0.11,33.007,109.06777350259036,38999494419,2024-11-15 04:07:18.160085,15/11/24
1575025,33396,0.11,33.396,107.79734099892202,38999527815,2024-11-15 04:07:51.556085,15/11/24
1575026,33347,0.11,33.347,107.95573814735958,38999561162,2024-11-15 04:08:24.903085,15/11/24
1575027,33507,0.11,33.507,107.44023636852,38999594669,2024-11-15 04:08:58.410085,15/11/24
1575028,33563,0.11,33.563,107.2609719035843,38999628232,2024-11-15 04:09:31.973085,15/11/24
1575029,33361,0.11,33.361,107.91043433949821,38999661593,2024-11-15 04:10:05.334085,15/11/24
1575030,33464,0.11,33.464,107.57829309108295,38999695057,2024-11-15 04:10:38.798085,15/11/24
1575031,34158,0.1,34.158,105.39258738802037,38999729215,2024-11-15 04:11:12.956085,15/11/24
1575032,34206,0.1,34.206,105.24469391334854,38999763421,2024-11-15 04:11:47.162085,15/11/24
1575033,34446,0.1,34.446,104.51140916216687,38999797867,2024-11-15 04:12:21.608085,15/11/24
1575034,35244,0.1,35.244,102.14504596527068,38999833111,2024-11-15 04:12:56.852085,15/11/24
1575035,34893,0.1,34.893,103.17255610007737,38999868004,2024-11-15 04:13:31.745085,15/11/24
1575036,35180,0.1,35.18,102.3308698123934,38999903184,2024-11-15 04:14:06.925085,15/11/24
1575037,35785,0.1,35.785,100.60081039541707,38999938969,2024-11-15 04:14:42.710085,15/11/24
1575038,35815,0.1,35.815,100.51654334775932,38999974784,2024-11-15 04:15:18.525085,15/11/24
1575039,35874,0.1,35.874,100.35122930255896,39000010658,2024-11-15 04:15:54.399085,15/11/24
1575040,35560,0.1,35.56,101.23734533183352,39000046218,2024-11-15 04:16:29.959085,15/11/24
1575041,35733,0.1,35.733,100.74720846276551,39000081951,2024-11-15 04:17:05.692085,15/11/24
1575042,35945,0.1,35.945,100.1530115454166,39000117896,2024-11-15 04:17:41.637085,15/11/24
1575043,35905,0.1,35.905,100.26458710486004,39000153801,2024-11-15 04:18:17.542085,15/11/24
1575044,35385,0.1,35.385,101.73802458668928,39000189186,2024-11-15 04:18:52.927085,15/11/24
1575045,34557,0.1,34.557,104.17570969702231,39000223743,2024-11-15 04:19:27.484085,15/11/24
1575046,34399,0.1,34.399,104.6542050641007,39000258142,2024-11-15 04:20:01.883085,15/11/24
1575047,34581,0.1,34.581,104.10340938665742,39000292723,2024-11-15 04:20:36.464085,15/11/24
1575048,34919,0.1,34.919,103.0957358458146,39000327642,2024-11-15 04:21:11.383085,15/11/24
1575049,35241,0.1,35.241,102.15374138077807,39000362883,2024-11-15 04:21:46.624085,15/11/24
1575050,35283,0.1,35.283,102.0321401241391,39000398166,2024-11-15 04:22:21.907085,15/11/24
1575051,34762,0.1,34.762,103.56136010586272,39000432928,2024-11-15 04:22:56.669085,15/11/24
1575052,34433,0.1,34.433,104.55086690093805,39000467361,2024-11-15 04:23:31.102085,15/11/24
1575053,35137,0.1,35.137,102.4561004069784,39000502498,2024-11-15 04:24:06.239085,15/11/24
1575054,35313,0.1,35.313,101.94545917933905,39000537811,2024-11-15 04:24:41.552085,15/11/24
1575055,35082,0.1,35.082,102.6167265264238,39000572893,2024-11-15 04:25:16.634085,15/11/24
1575056,35050,0.1,35.05,102.71041369472182,39000607943,2024-11-15 04:25:51.684085,15/11/24
1575057,34667,0.1,34.667,103.84515533504485,39000642610,2024-11-15 04:26:26.351085,15/11/24
1575058,34872,0.1,34.872,103.2346868547832,39000677482,2024-11-15 04:27:01.223085,15/11/24
1575059,35768,0.1,35.768,100.64862446879893,39000713250,2024-11-15 04:27:36.991085,15/11/24
1575060,36242,0.1,36.242,99.3322664312124,39000749492,2024-11-15 04:28:13.233085,15/11/24
1575061,36013,0.1,36.013,99.9639019243051,39000785505,2024-11-15 04:28:49.246085,15/11/24
1575062,36172,0.1,36.172,99.52449408382174,39000821677,2024-11-15 04:29:25.418085,15/11/24
1575063,36216,0.1,36.216,99.40357852882704,39000857893,2024-11-15 04:30:01.634085,15/11/24
1575064,36644,0.1,36.644,98.24254993996288,39000894537,2024-11-15 04:30:38.278085,15/11/24
1575065,36113,0.1,36.113,99.6870932905048,39000930650,2024-11-15 04:31:14.391085,15/11/24
1575066,36223,0.1,36.223,99.38436904729039,39000966873,2024-11-15 04:31:50.614085,15/11/24
1575067,36261,0.1,36.261,99.28021841648052,39001003134,2024-11-15 04:32:26.875085,15/11/24
1575068,36401,0.1,36.401,98.89838191258482,39001039535,2024-11-15 04:33:03.276085,15/11/24
1575069,36614,0.1,36.614,98.32304582946414,39001076149,2024-11-15 04:33:39.890085,15/11/24
1575070,36647,0.1,36.647,98.23450759953066,39001112796,2024-11-15 04:34:16.537085,15/11/24
1575071,36753,0.1,36.753,97.95118765815036,39001149549,2024-11-15 04:34:53.290085,15/11/24
1575072,36497,0.1,36.497,98.63824423925254,39001186046,2024-11-15 04:35:29.787085,15/11/24
1575073,36672,0.1,36.672,98.16753926701571,39001222718,2024-11-15 04:36:06.459085,15/11/24
1575074,36440,0.1,36.44,98.79253567508233,39001259158,2024-11-15 04:36:42.899085,15/11/24
1575075,34591,0.1,34.591,104.07331386776907,39001293749,2024-11-15 04:37:17.490085,15/11/24
1575076,33210,0.11,33.21,108.40108401084011,39001326959,2024-11-15 04:37:50.700085,15/11/24
1575077,33939,0.11,33.939,106.07265977194378,39001360898,2024-11-15 04:38:24.639085,15/11/24
1575078,34548,0.1,34.548,104.20284821118445,39001395446,2024-11-15 04:38:59.187085,15/11/24
1575079,34720,0.1,34.72,103.68663594470046,39001430166,2024-11-15 04:39:33.907085,15/11/24
1575080,34491,0.1,34.491,104.37505436200748,39001464657,2024-11-15 04:40:08.398085,15/11/24
1575081,18022,0.2,18.022,199.75585395627567,39001482679,2024-11-15 04:40:26.420085,15/11/24
1575082,19732,0.18,19.732,182.4447597810663,39001502411,2024-11-15 04:40:46.152085,15/11/24
1575083,19846,0.18,19.846,181.39675501360475,39001522257,2024-11-15 04:41:05.998085,15/11/24
1575084,19860,0.18,19.86,181.2688821752266,39001542117,2024-11-15 04:41:25.858085,15/11/24
1575085,19782,0.18,19.782,181.98362147406732,39001561899,2024-11-15 04:41:45.640085,15/11/24
1575086,20147,0.18,20.147,178.6866530997171,39001582046,2024-11-15 04:42:05.787085,15/11/24
1575087,19959,0.18,19.959,180.369758003908,39001602005,2024-11-15 04:42:25.746085,15/11/24
1575088,20338,0.18,20.338,177.00855541351166,39001622343,2024-11-15 04:42:46.084085,15/11/24
1575089,20504,0.17,20.504,175.57549746390947,39001642847,2024-11-15 04:43:06.588085,15/11/24
1575090,20389,0.18,20.389,176.5657952817696,39001663236,2024-11-15 04:43:26.977085,15/11/24
1575091,20458,0.17,20.458,175.97028057483624,39001683694,2024-11-15 04:43:47.435085,15/11/24
1575092,20711,0.17,20.711,173.82067500362126,39001704405,2024-11-15 04:44:08.146085,15/11/24
1575093,20860,0.17,20.86,172.5790987535954,39001725265,2024-11-15 04:44:29.006085,15/11/24
1575094,20928,0.17,20.928,172.0183486238532,39001746193,2024-11-15 04:44:49.934085,15/11/24
1575095,20821,0.17,20.821,172.90235819605206,39001767014,2024-11-15 04:45:10.755085,15/11/24
1575096,21008,0.17,21.008,171.36329017517136,39001788022,2024-11-15 04:45:31.763085,15/11/24
1575097,21143,0.17,21.143,170.26911980324456,39001809165,2024-11-15 04:45:52.906085,15/11/24
1575098,21077,0.17,21.077,170.80229634198415,39001830242,2024-11-15 04:46:13.983085,15/11/24
1575099,21317,0.17,21.317,168.8792982126941,39001851559,2024-11-15 04:46:35.300085,15/11/24
1575100,21365,0.17,21.365,168.49988298619238,39001872924,2024-11-15 04:46:56.665085,15/11/24
1575101,21679,0.17,21.679,166.05932007933944,39001894603,2024-11-15 04:47:18.344085,15/11/24
1575102,21749,0.17,21.749,165.52485171732033,39001916352,2024-11-15 04:47:40.093085,15/11/24
1575103,21796,0.17,21.796,165.16792071939807,39001938148,2024-11-15 04:48:01.889085,15/11/24
1575104,21983,0.16,21.983,163.76290770140562,39001960131,2024-11-15 04:48:23.872085,15/11/24
1575105,22407,0.16,22.407,160.66407818985138,39001982538,2024-11-15 04:48:46.279085,15/11/24
1575106,22467,0.16,22.467,160.23501134997997,39002005005,2024-11-15 04:49:08.746085,15/11/24
1575107,22433,0.16,22.433,160.47786742745063,39002027438,2024-11-15 04:49:31.179085,15/11/24
1575108,22636,0.16,22.636,159.0386994168581,39002050074,2024-11-15 04:49:53.815085,15/11/24
1575109,22611,0.16,22.611,159.214541594799,39002072685,2024-11-15 04:50:16.426085,15/11/24
1575110,22763,0.16,22.763,158.15138602117472,39002095448,2024-11-15 04:50:39.189085,15/11/24
1575111,22748,0.16,22.748,158.25567082820467,39002118196,2024-11-15 04:51:01.937085,15/11/24
1575112,32284,0.11,32.284,111.51034568207162,39002150480,2024-11-15 04:51:34.221085,15/11/24
1575113,36679,0.1,36.679,98.14880449303416,39002187159,2024-11-15 04:52:10.900085,15/11/24
1575114,36194,0.1,36.194,99.46399955793778,39002223353,2024-11-15 04:52:47.094085,15/11/24
1575115,36044,0.1,36.044,99.87792697813784,39002259397,2024-11-15 04:53:23.138085,15/11/24
1575116,36003,0.1,36.003,99.99166736105325,39002295400,2024-11-15 04:53:59.141085,15/11/24
1575117,36828,0.1,36.828,97.75171065493646,39002332228,2024-11-15 04:54:35.969085,15/11/24
1575118,36661,0.1,36.661,98.19699408090341,39002368889,2024-11-15 04:55:12.630085,15/11/24
1575119,37092,0.1,37.092,97.05596894208993,39002405981,2024-11-15 04:55:49.722085,15/11/24
1575120,36922,0.1,36.922,97.50284383294513,39002442903,2024-11-15 04:56:26.644085,15/11/24
1575121,36998,0.1,36.998,97.3025568949673,39002479901,2024-11-15 04:57:03.642085,15/11/24
1575122,36659,0.1,36.659,98.20235140074743,39002516560,2024-11-15 04:57:40.301085,15/11/24
1575123,36675,0.1,36.675,98.15950920245399,39002553235,2024-11-15 04:58:16.976085,15/11/24
1575124,36919,0.1,36.919,97.5107668138357,39002590154,2024-11-15 04:58:53.895085,15/11/24
1575125,37097,0.1,37.097,97.04288756503222,39002627251,2024-11-15 04:59:30.992085,15/11/24
1575126,36695,0.1,36.695,98.10600899305082,39002663946,2024-11-15 05:00:07.687085,15/11/24
1575127,35302,0.1,35.302,101.97722508639737,39002699248,2024-11-15 05:00:42.989085,15/11/24
1575128,35911,0.1,35.911,100.24783492523183,39002735159,2024-11-15 05:01:18.900085,15/11/24
1575129,36107,0.1,36.107,99.70365857036032,39002771266,2024-11-15 05:01:55.007085,15/11/24
1575130,36121,0.1,36.121,99.66501481132859,39002807387,2024-11-15 05:02:31.128085,15/11/24
1575131,35527,0.1,35.527,101.33138176598081,39002842914,2024-11-15 05:03:06.655085,15/11/24
1575132,35758,0.1,35.758,100.67677163152301,39002878672,2024-11-15 05:03:42.413085,15/11/24
1575133,35994,0.1,35.994,100.01666944490748,39002914666,2024-11-15 05:04:18.407085,15/11/24
1575134,36216,0.1,36.216,99.40357852882704,39002950882,2024-11-15 05:04:54.623085,15/11/24
1575135,36202,0.1,36.202,99.44201977791282,39002987084,2024-11-15 05:05:30.825085,15/11/24
1575136,36096,0.1,36.096,99.73404255319149,39003023180,2024-11-15 05:06:06.921085,15/11/24
1575137,35305,0.1,35.305,101.96855969409432,39003058485,2024-11-15 05:06:42.226085,15/11/24
1575138,33957,0.11,33.957,106.01643254704479,39003092442,2024-11-15 05:07:16.183085,15/11/24
1575139,34477,0.1,34.477,104.41743771209792,39003126919,2024-11-15 05:07:50.660085,15/11/24
1575140,34280,0.1,34.28,105.01750291715285,39003161199,2024-11-15 05:08:24.940085,15/11/24
1575141,34592,0.1,34.592,104.07030527289547,39003195791,2024-11-15 05:08:59.532085,15/11/24
1575142,34641,0.1,34.641,103.92309690828786,39003230432,2024-11-15 05:09:34.173085,15/11/24
1575143,34477,0.1,34.477,104.41743771209792,39003264909,2024-11-15 05:10:08.650085,15/11/24
1575144,34683,0.1,34.683,103.79724937289161,39003299592,2024-11-15 05:10:43.333085,15/11/24
1575145,35108,0.1,35.108,102.54073145721773,39003334700,2024-11-15 05:11:18.441085,15/11/24
1575146,35439,0.1,35.439,101.58300177770253,39003370139,2024-11-15 05:11:53.880085,15/11/24
1575147,34953,0.1,34.953,102.99545103424599,39003405092,2024-11-15 05:12:28.833085,15/11/24
1575148,35427,0.1,35.427,101.61741044965704,39003440519,2024-11-15 05:13:04.260085,15/11/24
1575149,34735,0.1,34.735,103.64185979559522,39003475254,2024-11-15 05:13:38.995085,15/11/24
1575150,35205,0.1,35.205,102.25820195994888,39003510459,2024-11-15 05:14:14.200085,15/11/24
1575151,35637,0.1,35.637,101.01860425961782,39003546096,2024-11-15 05:14:49.837085,15/11/24
1575152,35887,0.1,35.887,100.31487725360158,39003581983,2024-11-15 05:15:25.724085,15/11/24
1575153,36022,0.1,36.022,99.93892621175948,39003618005,2024-11-15 05:16:01.746085,15/11/24
1575154,35847,0.1,35.847,100.42681395932713,39003653852,2024-11-15 05:16:37.593085,15/11/24
1575155,36686,0.1,36.686,98.13007686856021,39003690538,2024-11-15 05:17:14.279085,15/11/24
1575156,37131,0.1,37.131,96.95402763189787,39003727669,2024-11-15 05:17:51.410085,15/11/24
1575157,36984,0.1,36.984,97.3393900064893,39003764653,2024-11-15 05:18:28.394085,15/11/24
1575158,36901,0.1,36.901,97.55833175252704,39003801554,2024-11-15 05:19:05.295085,15/11/24
1575159,36972,0.1,36.972,97.37098344693281,39003838526,2024-11-15 05:19:42.267085,15/11/24
1575160,37116,0.1,37.116,96.99321047526674,39003875642,2024-11-15 05:20:19.383085,15/11/24
1575161,37107,0.1,37.107,97.01673538685424,39003912749,2024-11-15 05:20:56.490085,15/11/24
1575162,37088,0.1,37.088,97.06643658326144,39003949837,2024-11-15 05:21:33.578085,15/11/24
1575163,37080,0.1,37.08,97.0873786407767,39003986917,2024-11-15 05:22:10.658085,15/11/24
1575164,36871,0.1,36.871,97.63770985327221,39004023788,2024-11-15 05:22:47.529085,15/11/24
1575165,36922,0.1,36.922,97.50284383294513,39004060710,2024-11-15 05:23:24.451085,15/11/24
1575166,36513,0.1,36.513,98.59502095144195,39004097223,2024-11-15 05:24:00.964085,15/11/24
1575167,36968,0.1,36.968,97.38151915169877,39004134191,2024-11-15 05:24:37.932085,15/11/24
1575168,36980,0.1,36.98,97.3499188750676,39004171171,2024-11-15 05:25:14.912085,15/11/24
1575169,37098,0.1,37.098,97.0402717127608,39004208269,2024-11-15 05:25:52.010085,15/11/24
1575170,37166,0.1,37.166,96.86272399504924,39004245435,2024-11-15 05:26:29.176085,15/11/24
1575171,36834,0.1,36.834,97.73578758755498,39004282269,2024-11-15 05:27:06.010085,15/11/24
1575172,36672,0.1,36.672,98.16753926701571,39004318941,2024-11-15 05:27:42.682085,15/11/24
1575173,36883,0.1,36.883,97.60594311742537,39004355824,2024-11-15 05:28:19.565085,15/11/24
1575174,37284,0.1,37.284,96.5561635017702,39004393108,2024-11-15 05:28:56.849085,15/11/24
1575175,37147,0.1,37.147,96.91226747785824,39004430255,2024-11-15 05:29:33.996085,15/11/24
1575176,37140,0.1,37.14,96.93053311793214,39004467395,2024-11-15 05:30:11.136085,15/11/24
1575177,37315,0.1,37.315,96.47594801018357,39004504710,2024-11-15 05:30:48.451085,15/11/24
1575178,37013,0.1,37.013,97.263123767325,39004541723,2024-11-15 05:31:25.464085,15/11/24
1575179,37293,0.1,37.293,96.53286139489985,39004579016,2024-11-15 05:32:02.757085,15/11/24
1575180,37260,0.1,37.26,96.61835748792271,39004616276,2024-11-15 05:32:40.017085,15/11/24
1575181,37188,0.1,37.188,96.8054211035818,39004653464,2024-11-15 05:33:17.205085,15/11/24
1575182,37150,0.1,37.15,96.90444145356662,39004690614,2024-11-15 05:33:54.355085,15/11/24
1575183,37138,0.1,37.138,96.93575313694868,39004727752,2024-11-15 05:34:31.493085,15/11/24
1575184,37284,0.1,37.284,96.5561635017702,39004765036,2024-11-15 05:35:08.777085,15/11/24
1575185,37205,0.1,37.205,96.76118801236393,39004802241,2024-11-15 05:35:45.982085,15/11/24
1575186,37120,0.1,37.12,96.98275862068965,39004839361,2024-11-15 05:36:23.102085,15/11/24
1575187,35328,0.1,35.328,101.90217391304348,39004874689,2024-11-15 05:36:58.430085,15/11/24
1575188,34422,0.1,34.422,104.58427749694962,39004909111,2024-11-15 05:37:32.852085,15/11/24
1575189,34987,0.1,34.987,102.89536113413554,39004944098,2024-11-15 05:38:07.839085,15/11/24
1575190,35139,0.1,35.139,102.45026893195595,39004979237,2024-11-15 05:38:42.978085,15/11/24
1575191,35096,0.1,35.096,102.57579211306131,39005014333,2024-11-15 05:39:18.074085,15/11/24
1575192,35369,0.1,35.369,101.78404817778281,39005049702,2024-11-15 05:39:53.443085,15/11/24
1575193,34553,0.1,34.553,104.187769513501,39005084255,2024-11-15 05:40:27.996085,15/11/24
1575194,34793,0.1,34.793,103.46908860977783,39005119048,2024-11-15 05:41:02.789085,15/11/24
1575195,35403,0.1,35.403,101.68629777137531,39005154451,2024-11-15 05:41:38.192085,15/11/24
1575196,35178,0.1,35.178,102.33668770254135,39005189629,2024-11-15 05:42:13.370085,15/11/24
1575197,34905,0.1,34.905,103.13708637730984,39005224534,2024-11-15 05:42:48.275085,15/11/24
1575198,35078,0.1,35.078,102.62842807457666,39005259612,2024-11-15 05:43:23.353085,15/11/24
1575199,35163,0.1,35.163,102.38034297414896,39005294775,2024-11-15 05:43:58.516085,15/11/24
1575200,35331,0.1,35.331,101.89352127027257,39005330106,2024-11-15 05:44:33.847085,15/11/24
1575201,34649,0.1,34.649,103.89910242719847,39005364755,2024-11-15 05:45:08.496085,15/11/24
1575202,34220,0.1,34.22,105.20163646990065,39005398975,2024-11-15 05:45:42.716085,15/11/24
1575203,34885,0.1,34.885,103.19621613874158,39005433860,2024-11-15 05:46:17.601085,15/11/24
1575204,34883,0.1,34.883,103.20213284407878,39005468743,2024-11-15 05:46:52.484085,15/11/24
1575205,36297,0.1,36.297,99.18175055789735,39005505040,2024-11-15 05:47:28.781085,15/11/24
1575206,36556,0.1,36.556,98.4790458474669,39005541596,2024-11-15 05:48:05.337085,15/11/24
1575207,36884,0.1,36.884,97.60329682247045,39005578480,2024-11-15 05:48:42.221085,15/11/24
1575208,36995,0.1,36.995,97.31044735775104,39005615475,2024-11-15 05:49:19.216085,15/11/24
1575209,37187,0.1,37.187,96.80802430957056,39005652662,2024-11-15 05:49:56.403085,15/11/24
1575210,37216,0.1,37.216,96.73258813413585,39005689878,2024-11-15 05:50:33.619085,15/11/24
1575211,37359,0.1,37.359,96.3623223319682,39005727237,2024-11-15 05:51:10.978085,15/11/24
1575212,37424,0.1,37.424,96.19495510902095,39005764661,2024-11-15 05:51:48.402085,15/11/24
1575213,37113,0.1,37.113,97.00105084471748,39005801774,2024-11-15 05:52:25.515085,15/11/24
1575214,37295,0.1,37.295,96.52768467623005,39005839069,2024-11-15 05:53:02.810085,15/11/24
1575215,36858,0.1,36.858,97.6721471593684,39005875927,2024-11-15 05:53:39.668085,15/11/24
1575216,37308,0.1,37.308,96.4940495336121,39005913235,2024-11-15 05:54:16.976085,15/11/24
1575217,37300,0.1,37.3,96.51474530831099,39005950535,2024-11-15 05:54:54.276085,15/11/24
1575218,37119,0.1,37.119,96.98537137315121,39005987654,2024-11-15 05:55:31.395085,15/11/24
1575219,36926,0.1,36.926,97.49228186101934,39006024580,2024-11-15 05:56:08.321085,15/11/24
1575220,37307,0.1,37.307,96.49663602004986,39006061887,2024-11-15 05:56:45.628085,15/11/24
1575221,36582,0.1,36.582,98.40905363293423,39006098469,2024-11-15 05:57:22.210085,15/11/24
1575222,36982,0.1,36.982,97.34465415607593,39006135451,2024-11-15 05:57:59.192085,15/11/24
1575223,27571,0.13,27.571,130.57197780276377,39006163022,2024-11-15 05:58:26.763085,15/11/24
1575224,20642,0.17,20.642,174.4017052611181,39006183664,2024-11-15 05:58:47.405085,15/11/24
1575225,20791,0.17,20.791,173.15184454812177,39006204455,2024-11-15 05:59:08.196085,15/11/24
1575226,20923,0.17,20.923,172.05945610094156,39006225378,2024-11-15 05:59:29.119085,15/11/24
1575227,21044,0.17,21.044,171.07013875689032,39006246422,2024-11-15 05:59:50.163085,15/11/24
1575228,21075,0.17,21.075,170.8185053380783,39006267497,2024-11-15 06:00:11.238085,15/11/24
1575229,20721,0.17,20.721,173.736788765021,39006288218,2024-11-15 06:00:31.959085,15/11/24
1575230,21020,0.17,21.02,171.26546146527116,39006309238,2024-11-15 06:00:52.979085,15/11/24
1575231,21043,0.17,21.043,171.0782683077508,39006330281,2024-11-15 06:01:14.022085,15/11/24
1575232,21264,0.17,21.264,169.3002257336343,39006351545,2024-11-15 06:01:35.286085,15/11/24
1575233,21312,0.17,21.312,168.9189189189189,39006372857,2024-11-15 06:01:56.598085,15/11/24
1575234,21586,0.17,21.586,166.77476141943853,39006394443,2024-11-15 06:02:18.184085,15/11/24
1575235,21544,0.17,21.544,167.09988860007428,39006415987,2024-11-15 06:02:39.728085,15/11/24
1575236,21635,0.17,21.635,166.39704183036747,39006437622,2024-11-15 06:03:01.363085,15/11/24
1575237,21528,0.17,21.528,167.22408026755852,39006459150,2024-11-15 06:03:22.891085,15/11/24
1575238,21554,0.17,21.554,167.0223624385265,39006480704,2024-11-15 06:03:44.445085,15/11/24
1575239,21771,0.17,21.771,165.35758577924761,39006502475,2024-11-15 06:04:06.216085,15/11/24
1575240,21908,0.16,21.908,164.32353478181486,39006524383,2024-11-15 06:04:28.124085,15/11/24
1575241,22075,0.16,22.075,163.08040770101925,39006546458,2024-11-15 06:04:50.199085,15/11/24
1575242,22155,0.16,22.155,162.49153689911984,39006568613,2024-11-15 06:05:12.354085,15/11/24
1575243,22048,0.16,22.048,163.2801161103048,39006590661,2024-11-15 06:05:34.402085,15/11/24
1575244,21902,0.16,21.902,164.36855081727697,39006612563,2024-11-15 06:05:56.304085,15/11/24
1575245,21730,0.17,21.73,165.66958122411413,39006634293,2024-11-15 06:06:18.034085,15/11/24
1575246,21973,0.16,21.973,163.83743685432123,39006656266,2024-11-15 06:06:40.007085,15/11/24
1575247,21557,0.17,21.557,166.99911861576285,39006677823,2024-11-15 06:07:01.564085,15/11/24
1575248,21435,0.17,21.435,167.94961511546535,39006699258,2024-11-15 06:07:22.999085,15/11/24
1575249,21605,0.17,21.605,166.628095348299,39006720863,2024-11-15 06:07:44.604085,15/11/24
1575250,21666,0.17,21.666,166.1589587371919,39006742529,2024-11-15 06:08:06.270085,15/11/24
1575251,21823,0.16,21.823,164.963570544838,39006764352,2024-11-15 06:08:28.093085,15/11/24
1575252,21797,0.17,21.797,165.1603431664908,39006786149,2024-11-15 06:08:49.890085,15/11/24
1575253,21777,0.17,21.777,165.31202644992422,39006807926,2024-11-15 06:09:11.667085,15/11/24
1575254,29307,0.12,29.307,122.83754734363804,39006837233,2024-11-15 06:09:40.974085,15/11/24
1575255,34356,0.1,34.356,104.78519035976248,39006871589,2024-11-15 06:10:15.330085,15/11/24
1575256,34934,0.1,34.934,103.0514684834259,39006906523,2024-11-15 06:10:50.264085,15/11/24
1575257,35268,0.1,35.268,102.07553589656345,39006941791,2024-11-15 06:11:25.532085,15/11/24
1575258,35289,0.1,35.289,102.014792144861,39006977080,2024-11-15 06:12:00.821085,15/11/24
1575259,34674,0.1,34.674,103.82419103651151,39007011754,2024-11-15 06:12:35.495085,15/11/24
1575260,35207,0.1,35.207,102.25239299003039,39007046961,2024-11-15 06:13:10.702085,15/11/24
1575261,35202,0.1,35.202,102.26691665246292,39007082163,2024-11-15 06:13:45.904085,15/11/24
1575262,35426,0.1,35.426,101.62027889120985,39007117589,2024-11-15 06:14:21.330085,15/11/24
1575263,35529,0.1,35.529,101.32567761546905,39007153118,2024-11-15 06:14:56.859085,15/11/24
1575264,36050,0.1,36.05,99.86130374479889,39007189168,2024-11-15 06:15:32.909085,15/11/24
1575265,35943,0.1,35.943,100.15858442534012,39007225111,2024-11-15 06:16:08.852085,15/11/24
1575266,35622,0.1,35.622,101.0611419909045,39007260733,2024-11-15 06:16:44.474085,15/11/24
1575267,36894,0.1,36.894,97.57684176288828,39007297627,2024-11-15 06:17:21.368085,15/11/24
1575268,36907,0.1,36.907,97.54247161785027,39007334534,2024-11-15 06:17:58.275085,15/11/24
1575269,36456,0.1,36.456,98.74917709019091,39007370990,2024-11-15 06:18:34.731085,15/11/24
1575270,36801,0.1,36.801,97.82342871117633,39007407791,2024-11-15 06:19:11.532085,15/11/24
1575271,36906,0.1,36.906,97.54511461550968,39007444697,2024-11-15 06:19:48.438085,15/11/24
1575272,37202,0.1,37.202,96.76899091446697,39007481899,2024-11-15 06:20:25.640085,15/11/24
1575273,37154,0.1,37.154,96.89400872046079,39007519053,2024-11-15 06:21:02.794085,15/11/24
1575274,37160,0.1,37.16,96.8783638320775,39007556213,2024-11-15 06:21:39.954085,15/11/24
1575275,36967,0.1,36.967,97.38415343414397,39007593180,2024-11-15 06:22:16.921085,15/11/24
1575276,37118,0.1,37.118,96.98798426639367,39007630298,2024-11-15 06:22:54.039085,15/11/24
1575277,36916,0.1,36.916,97.51869108245747,39007667214,2024-11-15 06:23:30.955085,15/11/24
1575278,36896,0.1,36.896,97.57155247181267,39007704110,2024-11-15 06:24:07.851085,15/11/24
1575279,37189,0.1,37.189,96.80281803759176,39007741299,2024-11-15 06:24:45.040085,15/11/24
1575280,36811,0.1,36.811,97.79685420118986,39007778110,2024-11-15 06:25:21.851085,15/11/24
1575281,37194,0.1,37.194,96.78980480722697,39007815304,2024-11-15 06:25:59.045085,15/11/24
1575282,37109,0.1,37.109,97.01150664259345,39007852413,2024-11-15 06:26:36.154085,15/11/24
1575283,37073,0.1,37.073,97.10571035524505,39007889486,2024-11-15 06:27:13.227085,15/11/24
1575284,35864,0.1,35.864,100.3792103502119,39007925350,2024-11-15 06:27:49.091085,15/11/24
1575285,35054,0.1,35.054,102.69869344440006,39007960404,2024-11-15 06:28:24.145085,15/11/24
1575286,35897,0.1,35.897,100.28693205560353,39007996301,2024-11-15 06:29:00.042085,15/11/24
1575287,35961,0.1,35.961,100.10845082172354,39008032262,2024-11-15 06:29:36.003085,15/11/24
1575288,36158,0.1,36.158,99.56302892859118,39008068420,2024-11-15 06:30:12.161085,15/11/24
1575289,36321,0.1,36.321,99.11621376063434,39008104741,2024-11-15 06:30:48.482085,15/11/24
1575290,35948,0.1,35.948,100.14465338822744,39008140689,2024-11-15 06:31:24.430085,15/11/24
1575291,35967,0.1,35.967,100.09175077154057,39008176656,2024-11-15 06:32:00.397085,15/11/24
1575292,36284,0.1,36.284,99.21728585602469,39008212940,2024-11-15 06:32:36.681085,15/11/24
1575293,36529,0.1,36.529,98.5518355279367,39008249469,2024-11-15 06:33:13.210085,15/11/24
1575294,36745,0.1,36.745,97.97251326711117,39008286214,2024-11-15 06:33:49.955085,15/11/24
1575295,36074,0.1,36.074,99.79486610855464,39008322288,2024-11-15 06:34:26.029085,15/11/24
1575296,36724,0.1,36.724,98.02853719638384,39008359012,2024-11-15 06:35:02.753085,15/11/24
1575297,36885,0.1,36.885,97.60065067100447,39008395897,2024-11-15 06:35:39.638085,15/11/24
1575298,36792,0.1,36.792,97.84735812133073,39008432689,2024-11-15 06:36:16.430085,15/11/24
1575299,35511,0.1,35.511,101.37703810087015,39008468200,2024-11-15 06:36:51.941085,15/11/24
1575300,34092,0.1,34.092,105.59662090813094,39008502292,2024-11-15 06:37:26.033085,15/11/24
1575301,34606,0.1,34.606,104.02820320175692,39008536898,2024-11-15 06:38:00.639085,15/11/24
1575302,34421,0.1,34.421,104.587315882746,39008571319,2024-11-15 06:38:35.060085,15/11/24
1575303,34464,0.1,34.464,104.45682451253482,39008605783,2024-11-15 06:39:09.524085,15/11/24
1575304,33963,0.1,33.963,105.99770338309337,39008639746,2024-11-15 06:39:43.487085,15/11/24
1575305,34235,0.1,34.235,105.15554257338981,39008673981,2024-11-15 06:40:17.722085,15/11/24
1575306,34649,0.1,34.649,103.89910242719847,39008708630,2024-11-15 06:40:52.371085,15/11/24
1575307,34284,0.1,34.284,105.00525026251313,39008742914,2024-11-15 06:41:26.655085,15/11/24
1575308,34511,0.1,34.511,104.31456637014286,39008777425,2024-11-15 06:42:01.166085,15/11/24
1575309,33885,0.11,33.885,106.24169986719788,39008811310,2024-11-15 06:42:35.051085,15/11/24
1575310,34343,0.1,34.343,104.8248551378738,39008845653,2024-11-15 06:43:09.394085,15/11/24
1575311,34220,0.1,34.22,105.20163646990065,39008879873,2024-11-15 06:43:43.614085,15/11/24
1575312,34700,0.1,34.7,103.74639769452449,39008914573,2024-11-15 06:44:18.314085,15/11/24
1575313,34433,0.1,34.433,104.55086690093805,39008949006,2024-11-15 06:44:52.747085,15/11/24
1575314,34734,0.1,34.734,103.64484366902747,39008983740,2024-11-15 06:45:27.481085,15/11/24
1575315,34881,0.1,34.881,103.20805022791778,39009018621,2024-11-15 06:46:02.362085,15/11/24
1575316,34194,0.1,34.194,105.28162835585191,39009052815,2024-11-15 06:46:36.556085,15/11/24
1575317,34795,0.1,34.795,103.46314125592758,39009087610,2024-11-15 06:47:11.351085,15/11/24
1575318,35895,0.1,35.895,100.29251984956122,39009123505,2024-11-15 06:47:47.246085,15/11/24
1575319,35954,0.1,35.954,100.12794125827446,39009159459,2024-11-15 06:48:23.200085,15/11/24
1575320,36866,0.1,36.866,97.65095209678294,39009196325,2024-11-15 06:49:00.066085,15/11/24
1575321,36867,0.1,36.867,97.6483033607291,39009233192,2024-11-15 06:49:36.933085,15/11/24
1575322,36951,0.1,36.951,97.42632134448323,39009270143,2024-11-15 06:50:13.884085,15/11/24
1575323,36095,0.1,36.095,99.73680565175232,39009306238,2024-11-15 06:50:49.979085,15/11/24
1575324,35216,0.1,35.216,102.22626079054974,39009341454,2024-11-15 06:51:25.195085,15/11/24
1575325,35261,0.1,35.261,102.09579989223221,39009376715,2024-11-15 06:52:00.456085,15/11/24
1575326,34949,0.1,34.949,103.00723911986037,39009411664,2024-11-15 06:52:35.405085,15/11/24
1575327,34965,0.1,34.965,102.96010296010296,39009446629,2024-11-15 06:53:10.370085,15/11/24
1575328,34943,0.1,34.943,103.02492630855966,39009481572,2024-11-15 06:53:45.313085,15/11/24
1575329,34675,0.1,34.675,103.82119682768565,39009516247,2024-11-15 06:54:19.988085,15/11/24
1575330,15942,0.22,15.942,225.8185923974407,39009532189,2024-11-15 06:54:35.930085,15/11/24
1575331,1593,2.26,1.593,2259.8870056497176,39009533782,2024-11-15 06:54:37.523085,15/11/24
1575332,1586,2.27,1.586,2269.861286254729,39009535368,2024-11-15 06:54:39.109085,15/11/24
1575333,1596,2.26,1.596,2255.6390977443607,39009536964,2024-11-15 06:54:40.705085,15/11/24
1575334,1599,2.25,1.599,2251.40712945591,39009538563,2024-11-15 06:54:42.304085,15/11/24
1575335,1600,2.25,1.6,2250.0,39009540163,2024-11-15 06:54:43.904085,15/11/24
1575336,1605,2.24,1.605,2242.9906542056074,39009541768,2024-11-15 06:54:45.509085,15/11/24
1575337,1611,2.23,1.611,2234.63687150838,39009543379,2024-11-15 06:54:47.120085,15/11/24
1575338,1610,2.24,1.61,2236.0248447204967,39009544989,2024-11-15 06:54:48.730085,15/11/24
1575339,1611,2.23,1.611,2234.63687150838,39009546600,2024-11-15 06:54:50.341085,15/11/24
1575340,1604,2.24,1.604,2244.3890274314213,39009548204,2024-11-15 06:54:51.945085,15/11/24
1575341,1611,2.23,1.611,2234.63687150838,39009549815,2024-11-15 06:54:53.556085,15/11/24
1575342,1606,2.24,1.606,2241.5940224159403,39009551421,2024-11-15 06:54:55.162085,15/11/24
1575343,1606,2.24,1.606,2241.5940224159403,39009553027,2024-11-15 06:54:56.768085,15/11/24
1575344,1609,2.24,1.609,2237.414543194531,39009554636,2024-11-15 06:54:58.377085,15/11/24
1575345,1609,2.24,1.609,2237.414543194531,39009556245,2024-11-15 06:54:59.986085,15/11/24
1575346,1603,2.24,1.603,2245.789145352464,39009557848,2024-11-15 06:55:01.589085,15/11/24
1575347,1605,2.24,1.605,2242.9906542056074,39009559453,2024-11-15 06:55:03.194085,15/11/24
1575348,1608,2.24,1.608,2238.805970149254,39009561061,2024-11-15 06:55:04.802085,15/11/24
1575349,1610,2.24,1.61,2236.0248447204967,39009562671,2024-11-15 06:55:06.412085,15/11/24
1575350,1612,2.23,1.612,2233.2506203473945,39009564283,2024-11-15 06:55:08.024085,15/11/24
1575351,1612,2.23,1.612,2233.2506203473945,39009565895,2024-11-15 06:55:09.636085,15/11/24
1575352,1608,2.24,1.608,2238.805970149254,39009567503,2024-11-15 06:55:11.244085,15/11/24
1575353,1614,2.23,1.614,2230.4832713754645,39009569117,2024-11-15 06:55:12.858085,15/11/24
1575354,1616,2.23,1.616,2227.7227722772277,39009570733,2024-11-15 06:55:14.474085,15/11/24
1575355,1614,2.23,1.614,2230.4832713754645,39009572347,2024-11-15 06:55:16.088085,15/11/24
1575356,1617,2.23,1.617,2226.3450834879404,39009573964,2024-11-15 06:55:17.705085,15/11/24
1575357,1615,2.23,1.615,2229.1021671826625,39009575579,2024-11-15 06:55:19.320085,15/11/24
1575358,1617,2.23,1.617,2226.3450834879404,39009577196,2024-11-15 06:55:20.937085,15/11/24
1575359,1619,2.22,1.619,2223.5948116121062,39009578815,2024-11-15 06:55:22.556085,15/11/24
1575360,1621,2.22,1.621,2220.8513263417644,39009580436,2024-11-15 06:55:24.177085,15/11/24
1575361,1613,2.23,1.613,2231.866088034718,39009582049,2024-11-15 06:55:25.790085,15/11/24
1575362,1610,2.24,1.61,2236.0248447204967,39009583659,2024-11-15 06:55:27.400085,15/11/24
1575363,1607,2.24,1.607,2240.19912881145,39009585266,2024-11-15 06:55:29.007085,15/11/24
1575364,1610,2.24,1.61,2236.0248447204967,39009586876,2024-11-15 06:55:30.617085,15/11/24
1575365,1610,2.24,1.61,2236.0248447204967,39009588486,2024-11-15 06:55:32.227085,15/11/24
1575366,1611,2.23,1.611,2234.63687150838,39009590097,2024-11-15 06:55:33.838085,15/11/24
1575367,1607,2.24,1.607,2240.19912881145,39009591704,2024-11-15 06:55:35.445085,15/11/24
1575368,1609,2.24,1.609,2237.414543194531,39009593313,2024-11-15 06:55:37.054085,15/11/24
1575369,1605,2.24,1.605,2242.9906542056074,39009594918,2024-11-15 06:55:38.659085,15/11/24
1575370,1613,2.23,1.613,2231.866088034718,39009596531,2024-11-15 06:55:40.272085,15/11/24
1575371,1605,2.24,1.605,2242.9906542056074,39009598136,2024-11-15 06:55:41.877085,15/11/24
1575372,1611,2.23,1.611,2234.63687150838,39009599747,2024-11-15 06:55:43.488085,15/11/24
1575373,1610,2.24,1.61,2236.0248447204967,39009601357,2024-11-15 06:55:45.098085,15/11/24
1575374,1613,2.23,1.613,2231.866088034718,39009602970,2024-11-15 06:55:46.711085,15/11/24
1575375,1611,2.23,1.611,2234.63687150838,39009604581,2024-11-15 06:55:48.322085,15/11/24
1575376,1610,2.24,1.61,2236.0248447204967,39009606191,2024-11-15 06:55:49.932085,15/11/24
1575377,1602,2.25,1.602,2247.191011235955,39009607793,2024-11-15 06:55:51.534085,15/11/24
1575378,1610,2.24,1.61,2236.0248447204967,39009609403,2024-11-15 06:55:53.144085,15/11/24
1575379,1608,2.24,1.608,2238.805970149254,39009611011,2024-11-15 06:55:54.752085,15/11/24
1575380,1634,2.2,1.634,2203.182374541004,39009612645,2024-11-15 06:55:56.386085,15/11/24
1575381,17028,0.21,17.028,211.41649048625794,39009629673,2024-11-15 06:56:13.414085,15/11/24
1575382,28777,0.12,28.777,125.09990617507037,39009658450,2024-11-15 06:56:42.191085,15/11/24
1575383,28837,0.12,28.837,124.8396157714048,39009687287,2024-11-15 06:57:11.028085,15/11/24
1575384,28676,0.12,28.676,125.54052169061237,39009715963,2024-11-15 06:57:39.704085,15/11/24
1575385,28748,0.12,28.748,125.2261026854042,39009744711,2024-11-15 06:58:08.452085,15/11/24
1575386,28643,0.12,28.643,125.68515867751283,39009773354,2024-11-15 06:58:37.095085,15/11/24
1575387,29023,0.12,29.023,124.03955483581987,39009802377,2024-11-15 06:59:06.118085,15/11/24
1575388,28977,0.12,28.977,124.2364634020085,39009831354,2024-11-15 06:59:35.095085,15/11/24
1575389,28895,0.12,28.895,124.58902924381381,39009860249,2024-11-15 07:00:03.990085,15/11/24
1575390,28035,0.13,28.035,128.41091492776886,39009888284,2024-11-15 07:00:32.025085,15/11/24
1575391,28389,0.13,28.389,126.80967980555849,39009916673,2024-11-15 07:01:00.414085,15/11/24
1575392,28129,0.13,28.129,127.98179814426393,39009944802,2024-11-15 07:01:28.543085,15/11/24
1575393,27898,0.13,27.898,129.04150835185317,39009972700,2024-11-15 07:01:56.441085,15/11/24
1575394,28122,0.13,28.122,128.01365478984425,39010000822,2024-11-15 07:02:24.563085,15/11/24
1575395,28226,0.13,28.226,127.54198256926239,39010029048,2024-11-15 07:02:52.789085,15/11/24
1575396,28312,0.13,28.312,127.15456343599887,39010057360,2024-11-15 07:03:21.101085,15/11/24
1575397,28195,0.13,28.195,127.6822131583614,39010085555,2024-11-15 07:03:49.296085,15/11/24
1575398,28233,0.13,28.233,127.51036021676761,39010113788,2024-11-15 07:04:17.529085,15/11/24
1575399,28472,0.13,28.472,126.44001123911211,39010142260,2024-11-15 07:04:46.001085,15/11/24
1575400,28268,0.13,28.268,127.35248337342578,39010170528,2024-11-15 07:05:14.269085,15/11/24
1575401,28319,0.13,28.319,127.12313287898584,39010198847,2024-11-15 07:05:42.588085,15/11/24
1575402,28150,0.13,28.15,127.88632326820604,39010226997,2024-11-15 07:06:10.738085,15/11/24
1575403,28334,0.13,28.334,127.05583398037693,39010255331,2024-11-15 07:06:39.072085,15/11/24
1575404,27418,0.13,27.418,131.30060544168066,39010282749,2024-11-15 07:07:06.490085,15/11/24
1575405,27261,0.13,27.261,132.05678441729944,39010310010,2024-11-15 07:07:33.751085,15/11/24
1575406,27412,0.13,27.412,131.3293448124909,39010337422,2024-11-15 07:08:01.163085,15/11/24
1575407,27147,0.13,27.147,132.61133826942205,39010364569,2024-11-15 07:08:28.310085,15/11/24
1575408,27049,0.13,27.049,133.09179636955156,39010391618,2024-11-15 07:08:55.359085,15/11/24
1575409,26881,0.13,26.881,133.92358915218927,39010418499,2024-11-15 07:09:22.240085,15/11/24
1575410,27108,0.13,27.108,132.80212483399734,39010445607,2024-11-15 07:09:49.348085,15/11/24
1575411,26822,0.13,26.822,134.21817910670345,39010472429,2024-11-15 07:10:16.170085,15/11/24
1575412,26561,0.14,26.561,135.53706562252927,39010498990,2024-11-15 07:10:42.731085,15/11/24
1575413,27585,0.13,27.585,130.50570962479608,39010526575,2024-11-15 07:11:10.316085,15/11/24
1575414,27794,0.13,27.794,129.52435777505937,39010554369,2024-11-15 07:11:38.110085,15/11/24
1575415,19277,0.19,19.277,186.7510504746589,39010573646,2024-11-15 07:11:57.387085,15/11/24
1575416,17453,0.21,17.453,206.2682633358162,39010591099,2024-11-15 07:12:14.840085,15/11/24
1575417,17269,0.21,17.269,208.46603740807228,39010608368,2024-11-15 07:12:32.109085,15/11/24
1575418,17485,0.2,17.485,205.89076351158135,39010625853,2024-11-15 07:12:49.594085,15/11/24
1575419,17557,0.2,17.557,205.0464202312468,39010643410,2024-11-15 07:13:07.151085,15/11/24
1575420,17562,0.2,17.562,204.98804236419542,39010660972,2024-11-15 07:13:24.713085,15/11/24
1575421,17605,0.2,17.605,204.48736154501563,39010678577,2024-11-15 07:13:42.318085,15/11/24
1575422,17651,0.2,17.651,203.95445017279474,39010696228,2024-11-15 07:13:59.969085,15/11/24
1575423,17259,0.21,17.259,208.58682426560057,39010713487,2024-11-15 07:14:17.228085,15/11/24
1575424,17776,0.2,17.776,202.52025202520252,39010731263,2024-11-15 07:14:35.004085,15/11/24
1575425,17679,0.2,17.679,203.6314271169184,39010748942,2024-11-15 07:14:52.683085,15/11/24
1575426,17254,0.21,17.254,208.6472701982149,39010766196,2024-11-15 07:15:09.937085,15/11/24
1575427,17249,0.21,17.249,208.7077511739811,39010783445,2024-11-15 07:15:27.186085,15/11/24
1575428,17155,0.21,17.155,209.8513552900029,39010800600,2024-11-15 07:15:44.341085,15/11/24
1575429,17298,0.21,17.298,208.1165452653486,39010817898,2024-11-15 07:16:01.639085,15/11/24
1575430,17388,0.21,17.388,207.0393374741201,39010835286,2024-11-15 07:16:19.027085,15/11/24
1575431,17666,0.2,17.666,203.78127476508547,39010852952,2024-11-15 07:16:36.693085,15/11/24
1575432,17595,0.2,17.595,204.60358056265986,39010870547,2024-11-15 07:16:54.288085,15/11/24
1575433,17837,0.2,17.837,201.82766160228738,39010888384,2024-11-15 07:17:12.125085,15/11/24
1575434,17904,0.2,17.904,201.07238605898124,39010906288,2024-11-15 07:17:30.029085,15/11/24
1575435,17663,0.2,17.663,203.81588631602784,39010923951,2024-11-15 07:17:47.692085,15/11/24
1575436,17727,0.2,17.727,203.0800473853444,39010941678,2024-11-15 07:18:05.419085,15/11/24
1575437,17761,0.2,17.761,202.6912899048477,39010959439,2024-11-15 07:18:23.180085,15/11/24
1575438,17802,0.2,17.802,202.22446916076845,39010977241,2024-11-15 07:18:40.982085,15/11/24
1575439,17962,0.2,17.962,200.42311546598376,39010995203,2024-11-15 07:18:58.944085,15/11/24
1575440,18063,0.2,18.063,199.30244145490784,39011013266,2024-11-15 07:19:17.007085,15/11/24
1575441,18264,0.2,18.264,197.1090670170828,39011031530,2024-11-15 07:19:35.271085,15/11/24
1575442,18090,0.2,18.09,199.00497512437812,39011049620,2024-11-15 07:19:53.361085,15/11/24
1575443,18058,0.2,18.058,199.35762542917266,39011067678,2024-11-15 07:20:11.419085,15/11/24
1575444,17956,0.2,17.956,200.49008687903765,39011085634,2024-11-15 07:20:29.375085,15/11/24
1575445,18200,0.2,18.2,197.8021978021978,39011103834,2024-11-15 07:20:47.575085,15/11/24
1575446,18105,0.2,18.105,198.8400994200497,39011121939,2024-11-15 07:21:05.680085,15/11/24
1575447,18612,0.19,18.612,193.42359767891682,39011140551,2024-11-15 07:21:24.292085,15/11/24
1575448,18703,0.19,18.703,192.48248944019676,39011159254,2024-11-15 07:21:42.995085,15/11/24
1575449,18842,0.19,18.842,191.06251990234583,39011178096,2024-11-15 07:22:01.837085,15/11/24
1575450,18770,0.19,18.77,191.79541822056473,39011196866,2024-11-15 07:22:20.607085,15/11/24
1575451,18620,0.19,18.62,193.3404940923738,39011215486,2024-11-15 07:22:39.227085,15/11/24
1575452,24333,0.15,24.333,147.94723215386512,39011239819,2024-11-15 07:23:03.560085,15/11/24
1575453,28255,0.13,28.255,127.41107768536543,39011268074,2024-11-15 07:23:31.815085,15/11/24
1575454,28446,0.13,28.446,126.55557899177388,39011296520,2024-11-15 07:24:00.261085,15/11/24
1575455,28540,0.13,28.54,126.13875262789068,39011325060,2024-11-15 07:24:28.801085,15/11/24
1575456,28356,0.13,28.356,126.95725772323318,39011353416,2024-11-15 07:24:57.157085,15/11/24
1575457,28119,0.13,28.119,128.02731249333192,39011381535,2024-11-15 07:25:25.276085,15/11/24
1575458,28270,0.13,28.27,127.3434736469756,39011409805,2024-11-15 07:25:53.546085,15/11/24
1575459,28115,0.13,28.115,128.04552729859506,39011437920,2024-11-15 07:26:21.661085,15/11/24
1575460,28261,0.13,28.261,127.38402745833481,39011466181,2024-11-15 07:26:49.922085,15/11/24
1575461,28207,0.13,28.207,127.62789378523061,39011494388,2024-11-15 07:27:18.129085,15/11/24
1575462,27777,0.13,27.777,129.60362890160926,39011522165,2024-11-15 07:27:45.906085,15/11/24
1575463,28019,0.13,28.019,128.48424283521896,39011550184,2024-11-15 07:28:13.925085,15/11/24
1575464,27815,0.13,27.815,129.4265683983462,39011577999,2024-11-15 07:28:41.740085,15/11/24
1575465,26958,0.13,26.958,133.54106387714222,39011604957,2024-11-15 07:29:08.698085,15/11/24
1575466,26916,0.13,26.916,133.74944271065536,39011631873,2024-11-15 07:29:35.614085,15/11/24
1575467,27538,0.13,27.538,130.728447962815,39011659411,2024-11-15 07:30:03.152085,15/11/24
1575468,27520,0.13,27.52,130.8139534883721,39011686931,2024-11-15 07:30:30.672085,15/11/24
1575469,27021,0.13,27.021,133.22971022538027,39011713952,2024-11-15 07:30:57.693085,15/11/24
1575470,27424,0.13,27.424,131.27187864644108,39011741376,2024-11-15 07:31:25.117085,15/11/24
1575471,28163,0.13,28.163,127.82729112665554,39011769539,2024-11-15 07:31:53.280085,15/11/24
1575472,28314,0.13,28.314,127.14558169103624,39011797853,2024-11-15 07:32:21.594085,15/11/24
1575473,28237,0.13,28.237,127.49229734036902,39011826090,2024-11-15 07:32:49.831085,15/11/24
1575474,28326,0.13,28.326,127.09171785638635,39011854416,2024-11-15 07:33:18.157085,15/11/24
1575475,28119,0.13,28.119,128.02731249333192,39011882535,2024-11-15 07:33:46.276085,15/11/24
1575476,28010,0.13,28.01,128.5255265976437,39011910545,2024-11-15 07:34:14.286085,15/11/24
1575477,27975,0.13,27.975,128.686327077748,39011938520,2024-11-15 07:34:42.261085,15/11/24
1575478,28064,0.13,28.064,128.2782212086659,39011966584,2024-11-15 07:35:10.325085,15/11/24
1575479,28089,0.13,28.089,128.16404998397948,39011994673,2024-11-15 07:35:38.414085,15/11/24
1575480,28428,0.13,28.428,126.6357112705783,39012023101,2024-11-15 07:36:06.842085,15/11/24
1575481,28100,0.13,28.1,128.1138790035587,39012051201,2024-11-15 07:36:34.942085,15/11/24
1575482,27960,0.13,27.96,128.75536480686696,39012079161,2024-11-15 07:37:02.902085,15/11/24
1575483,26698,0.13,26.698,134.8415611656304,39012105859,2024-11-15 07:37:29.600085,15/11/24
1575484,27642,0.13,27.642,130.2365964836119,39012133501,2024-11-15 07:37:57.242085,15/11/24
1575485,27504,0.13,27.504,130.89005235602093,39012161005,2024-11-15 07:38:24.746085,15/11/24
1575486,27868,0.13,27.868,129.1804219893785,39012188873,2024-11-15 07:38:52.614085,15/11/24
1575487,28136,0.13,28.136,127.94995735001422,39012217009,2024-11-15 07:39:20.750085,15/11/24
1575488,28368,0.13,28.368,126.90355329949239,39012245377,2024-11-15 07:39:49.118085,15/11/24
1575489,28167,0.13,28.167,127.80913835339227,39012273544,2024-11-15 07:40:17.285085,15/11/24
1575490,28480,0.13,28.48,126.40449438202248,39012302024,2024-11-15 07:40:45.765085,15/11/24
1575491,28307,0.13,28.307,127.17702335111457,39012330331,2024-11-15 07:41:14.072085,15/11/24
1575492,28094,0.13,28.094,128.14124012244608,39012358425,2024-11-15 07:41:42.166085,15/11/24
1575493,28504,0.13,28.504,126.29806342969408,39012386929,2024-11-15 07:42:10.670085,15/11/24
1575494,27814,0.13,27.814,129.43122168692025,39012414743,2024-11-15 07:42:38.484085,15/11/24
1575495,27865,0.13,27.865,129.19432980441414,39012442608,2024-11-15 07:43:06.349085,15/11/24
1575496,27973,0.13,27.973,128.69552783040788,39012470581,2024-11-15 07:43:34.322085,15/11/24
1575497,28495,0.13,28.495,126.33795402702228,39012499076,2024-11-15 07:44:02.817085,15/11/24
1575498,28224,0.13,28.224,127.55102040816327,39012527300,2024-11-15 07:44:31.041085,15/11/24
1575499,27773,0.13,27.773,129.62229503474597,39012555073,2024-11-15 07:44:58.814085,15/11/24
1575500,27962,0.13,27.962,128.7461554967456,39012583035,2024-11-15 07:45:26.776085,15/11/24
1575501,28529,0.13,28.529,126.1873882715833,39012611564,2024-11-15 07:45:55.305085,15/11/24
1575502,28350,0.13,28.35,126.98412698412699,39012639914,2024-11-15 07:46:23.655085,15/11/24
1575503,28320,0.13,28.32,127.11864406779661,39012668234,2024-11-15 07:46:51.975085,15/11/24
1575504,28407,0.13,28.407,126.7293272784877,39012696641,2024-11-15 07:47:20.382085,15/11/24
1575505,28509,0.13,28.509,126.27591286962011,39012725150,2024-11-15 07:47:48.891085,15/11/24
1575506,28706,0.12,28.706,125.40932209294225,39012753856,2024-11-15 07:48:17.597085,15/11/24
1575507,28646,0.12,28.646,125.67199609020457,39012782502,2024-11-15 07:48:46.243085,15/11/24
1575508,28827,0.12,28.827,124.8829222603809,39012811329,2024-11-15 07:49:15.070085,15/11/24
1575509,28876,0.12,28.876,124.6710070646904,39012840205,2024-11-15 07:49:43.946085,15/11/24
1575510,28622,0.12,28.622,125.77737404793515,39012868827,2024-11-15 07:50:12.568085,15/11/24
1575511,28900,0.12,28.9,124.5674740484429,39012897727,2024-11-15 07:50:41.468085,15/11/24
1575512,28687,0.12,28.687,125.49238330951302,39012926414,2024-11-15 07:51:10.155085,15/11/24
1575513,28808,0.12,28.808,124.96528742016106,39012955222,2024-11-15 07:51:38.963085,15/11/24
1575514,28785,0.12,28.785,125.06513809275664,39012984007,2024-11-15 07:52:07.748085,15/11/24
1575515,28671,0.12,28.671,125.56241498378152,39013012678,2024-11-15 07:52:36.419085,15/11/24
1575516,28876,0.12,28.876,124.6710070646904,39013041554,2024-11-15 07:53:05.295085,15/11/24
1575517,28870,0.12,28.87,124.69691721510218,39013070424,2024-11-15 07:53:34.165085,15/11/24
1575518,29021,0.12,29.021,124.0481030977568,39013099445,2024-11-15 07:54:03.186085,15/11/24
1575519,28577,0.12,28.577,125.97543479021591,39013128022,2024-11-15 07:54:31.763085,15/11/24
1575520,28446,0.13,28.446,126.55557899177388,39013156468,2024-11-15 07:55:00.209085,15/11/24
1575521,28481,0.13,28.481,126.40005617780274,39013184949,2024-11-15 07:55:28.690085,15/11/24
1575522,28867,0.12,28.867,124.70987632937263,39013213816,2024-11-15 07:55:57.557085,15/11/24
1575523,28983,0.12,28.983,124.21074422937583,39013242799,2024-11-15 07:56:26.540085,15/11/24
1575524,28977,0.12,28.977,124.2364634020085,39013271776,2024-11-15 07:56:55.517085,15/11/24
1575525,28699,0.12,28.699,125.43991079828565,39013300475,2024-11-15 07:57:24.216085,15/11/24
1575526,28792,0.12,28.792,125.03473186996388,39013329267,2024-11-15 07:57:53.008085,15/11/24
1575527,28769,0.12,28.769,125.13469359379889,39013358036,2024-11-15 07:58:21.777085,15/11/24
1575528,28828,0.12,28.828,124.87859025946996,39013386864,2024-11-15 07:58:50.605085,15/11/24
1575529,28029,0.13,28.029,128.43840308252166,39013414893,2024-11-15 07:59:18.634085,15/11/24
1575530,28194,0.13,28.194,127.68674185997021,39013443087,2024-11-15 07:59:46.828085,15/11/24
1575531,27195,0.13,27.195,132.37727523441808,39013470282,2024-11-15 08:00:14.023085,15/11/24
1575532,26352,0.14,26.352,136.6120218579235,39013496634,2024-11-15 08:00:40.375085,15/11/24
1575533,27241,0.13,27.241,132.15373884952828,39013523875,2024-11-15 08:01:07.616085,15/11/24
1575534,26518,0.14,26.518,135.7568444075722,39013550393,2024-11-15 08:01:34.134085,15/11/24
1575535,27364,0.13,27.364,131.5597134921795,39013577757,2024-11-15 08:02:01.498085,15/11/24
1575536,27012,0.13,27.012,133.2741003998223,39013604769,2024-11-15 08:02:28.510085,15/11/24
1575537,26965,0.13,26.965,133.5063971815316,39013631734,2024-11-15 08:02:55.475085,15/11/24
1575538,27190,0.13,27.19,132.40161824200072,39013658924,2024-11-15 08:03:22.665085,15/11/24
1575539,27264,0.13,27.264,132.04225352112675,39013686188,2024-11-15 08:03:49.929085,15/11/24
1575540,26122,0.14,26.122,137.81486869305567,39013712310,2024-11-15 08:04:16.051085,15/11/24
1575541,25678,0.14,25.678,140.1978347223304,39013737988,2024-11-15 08:04:41.729085,15/11/24
1575542,25492,0.14,25.492,141.22077514514356,39013763480,2024-11-15 08:05:07.221085,15/11/24
1575543,26125,0.14,26.125,137.79904306220095,39013789605,2024-11-15 08:05:33.346085,15/11/24
1575544,26478,0.14,26.478,135.96193065941537,39013816083,2024-11-15 08:05:59.824085,15/11/24
1575545,27079,0.13,27.079,132.9443480187599,39013843162,2024-11-15 08:06:26.903085,15/11/24
1575546,26693,0.13,26.693,134.86681901622148,39013869855,2024-11-15 08:06:53.596085,15/11/24
1575547,26006,0.14,26.006,138.42959317080673,39013895861,2024-11-15 08:07:19.602085,15/11/24
1575548,26005,0.14,26.005,138.43491636223803,39013921866,2024-11-15 08:07:45.607085,15/11/24
1575549,26128,0.14,26.128,137.78322106552358,39013947994,2024-11-15 08:08:11.735085,15/11/24
1575550,25609,0.14,25.609,140.57557889804366,39013973603,2024-11-15 08:08:37.344085,15/11/24
