temp,hours,dates,variation,heures,jours
13.189999999999998,19877.25,03/06/24 06:00:00,,06,03/06/24
12.200000000000044,19877.291666666668,03/06/24 07:00:00,-0.989999999999954,07,03/06/24
12.29000000000002,19877.333333333332,03/06/24 08:00:00,0.08999999999997677,08,03/06/24
12.420000000000016,19877.375,03/06/24 09:00:00,0.12999999999999545,09,03/06/24
14.54000000000002,19877.416666666668,03/06/24 10:00:00,2.1200000000000045,10,03/06/24
16.350000000000023,19877.458333333332,03/06/24 11:00:00,1.8100000000000023,11,03/06/24
19.120000000000005,19877.5,03/06/24 12:00:00,2.769999999999982,12,03/06/24
21.410000000000025,19877.541666666668,03/06/24 13:00:00,2.2900000000000205,13,03/06/24
23.28000000000003,19877.583333333332,03/06/24 14:00:00,1.8700000000000045,14,03/06/24
24.370000000000005,19877.625,03/06/24 15:00:00,1.089999999999975,15,03/06/24
25.510000000000048,19877.666666666668,03/06/24 16:00:00,1.1400000000000432,16,03/06/24
25.640000000000043,19877.708333333332,03/06/24 17:00:00,0.12999999999999545,17,03/06/24
25.860000000000014,19877.75,03/06/24 18:00:00,0.21999999999997044,18,03/06/24
25.879999999999995,19877.791666666668,03/06/24 19:00:00,0.01999999999998181,19,03/06/24
25.29000000000002,19877.833333333332,03/06/24 20:00:00,-0.589999999999975,20,03/06/24
23.79000000000002,19877.875,03/06/24 21:00:00,-1.5,21,03/06/24
22.470000000000027,19877.916666666668,03/06/24 22:00:00,-1.3199999999999932,22,03/06/24
20.629999999999995,19877.958333333332,03/06/24 23:00:00,-1.8400000000000318,23,03/06/24
19.850000000000023,19878.0,04/06/24 00:00:00,-0.7799999999999727,00,04/06/24
18.79000000000002,19878.041666666668,04/06/24 01:00:00,-1.0600000000000023,01,04/06/24
17.090000000000032,19878.083333333332,04/06/24 02:00:00,-1.6999999999999886,02,04/06/24
16.25,19878.125,04/06/24 03:00:00,-0.8400000000000318,03,04/06/24
15.189999999999998,19878.166666666668,04/06/24 04:00:00,-1.0600000000000023,04,04/06/24
14.189999999999998,19878.208333333332,04/06/24 05:00:00,-1.0,05,04/06/24
13.189999999999998,19878.25,04/06/24 06:00:00,-1.0,06,04/06/24
11.970000000000027,19878.291666666668,04/06/24 07:00:00,-1.2199999999999704,07,04/06/24
11.410000000000023,19878.333333333332,04/06/24 08:00:00,-0.560000000000004,08,04/06/24
10.439999999999998,19878.375,04/06/24 09:00:00,-0.9700000000000255,09,04/06/24
11.140000000000043,19878.416666666668,04/06/24 10:00:00,0.7000000000000455,10,04/06/24
12.03000000000003,19878.458333333332,04/06/24 11:00:00,0.8899999999999864,11,04/06/24
12.52000000000004,19878.5,04/06/24 12:00:00,0.49000000000001087,12,04/06/24
13.689999999999998,19878.541666666668,04/06/24 13:00:00,1.1699999999999573,13,04/06/24
16.090000000000032,19878.583333333332,04/06/24 14:00:00,2.400000000000034,14,04/06/24
17.29000000000002,19878.625,04/06/24 15:00:00,1.1999999999999886,15,04/06/24
18.48000000000001,19878.666666666668,04/06/24 16:00:00,1.1899999999999906,16,04/06/24
19.27000000000004,19878.708333333332,04/06/24 17:00:00,0.7900000000000276,17,04/06/24
20.19,19878.75,04/06/24 18:00:00,0.9199999999999626,18,04/06/24
19.890000000000043,19878.791666666668,04/06/24 19:00:00,-0.2999999999999581,19,04/06/24
18.600000000000023,19878.833333333332,04/06/24 20:00:00,-1.2900000000000205,20,04/06/24
17.590000000000032,19878.875,04/06/24 21:00:00,-1.009999999999991,21,04/06/24
15.879999999999995,19878.916666666668,04/06/24 22:00:00,-1.7100000000000364,22,04/06/24
15.110000000000014,19878.958333333332,04/06/24 23:00:00,-0.7699999999999818,23,04/06/24
14.600000000000025,19879.0,05/06/24 00:00:00,-0.5099999999999891,00,05/06/24
13.370000000000005,19879.041666666668,05/06/24 01:00:00,-1.23000000000002,01,05/06/24
12.54000000000002,19879.083333333332,05/06/24 02:00:00,-0.8299999999999841,02,05/06/24
11.980000000000018,19879.125,05/06/24 03:00:00,-0.5600000000000023,03,05/06/24
11.430000000000009,19879.166666666668,05/06/24 04:00:00,-0.5500000000000096,04,05/06/24
10.840000000000032,19879.208333333332,05/06/24 05:00:00,-0.5899999999999768,05,05/06/24
9.860000000000014,19879.25,05/06/24 06:00:00,-0.9800000000000182,06,05/06/24
9.590000000000032,19879.291666666668,05/06/24 07:00:00,-0.2699999999999818,07,05/06/24
8.5,19879.333333333332,05/06/24 08:00:00,-1.0900000000000318,08,05/06/24
8.07000000000005,19879.375,05/06/24 09:00:00,-0.42999999999995,09,05/06/24
8.920000000000016,19879.416666666668,05/06/24 10:00:00,0.8499999999999659,10,05/06/24
9.930000000000009,19879.458333333332,05/06/24 11:00:00,1.0099999999999927,11,05/06/24
11.460000000000036,19879.5,05/06/24 12:00:00,1.5300000000000278,12,05/06/24
11.920000000000016,19879.541666666668,05/06/24 13:00:00,0.45999999999997954,13,05/06/24
13.590000000000032,19879.583333333332,05/06/24 14:00:00,1.670000000000016,14,05/06/24
13.220000000000027,19879.625,05/06/24 15:00:00,-0.37000000000000455,15,05/06/24
13.0,19879.666666666668,05/06/24 16:00:00,-0.22000000000002728,16,05/06/24
13.450000000000044,19879.708333333332,05/06/24 17:00:00,0.4500000000000437,17,05/06/24
11.0,19879.75,05/06/24 18:00:00,-2.4500000000000437,18,05/06/24
9.890000000000043,19879.791666666668,05/06/24 19:00:00,-1.1099999999999568,19,05/06/24
11.04000000000002,19879.833333333332,05/06/24 20:00:00,1.1499999999999773,20,05/06/24
10.82000000000005,19879.875,05/06/24 21:00:00,-0.21999999999997044,21,05/06/24
9.970000000000027,19879.916666666668,05/06/24 22:00:00,-0.8500000000000227,22,05/06/24
9.379999999999995,19879.958333333332,05/06/24 23:00:00,-0.5900000000000318,23,05/06/24
8.350000000000023,19880.0,06/06/24 00:00:00,-1.0299999999999727,00,06/06/24
7.689999999999998,19880.041666666668,06/06/24 01:00:00,-0.660000000000025,01,06/06/24
7.560000000000002,19880.083333333332,06/06/24 02:00:00,-0.12999999999999545,02,06/06/24
6.939999999999998,19880.125,06/06/24 03:00:00,-0.6200000000000045,03,06/06/24
6.930000000000007,19880.166666666668,06/06/24 04:00:00,-0.009999999999990905,04,06/06/24
6.78000000000003,19880.208333333332,06/06/24 05:00:00,-0.14999999999997726,05,06/06/24
6.860000000000014,19880.25,06/06/24 06:00:00,0.07999999999998408,06,06/06/24
6.7000000000000455,19880.291666666668,06/06/24 07:00:00,-0.15999999999996817,07,06/06/24
7.090000000000032,19880.333333333332,06/06/24 08:00:00,0.38999999999998636,08,06/06/24
7.150000000000034,19880.375,06/06/24 09:00:00,0.060000000000002274,09,06/06/24
8.090000000000032,19880.416666666668,06/06/24 10:00:00,0.9399999999999977,10,06/06/24
8.689999999999998,19880.458333333332,06/06/24 11:00:00,0.5999999999999659,11,06/06/24
10.04000000000002,19880.5,06/06/24 12:00:00,1.3500000000000227,12,06/06/24
10.360000000000014,19880.541666666668,06/06/24 13:00:00,0.3199999999999932,13,06/06/24
10.129999999999995,19880.583333333332,06/06/24 14:00:00,-0.2300000000000182,14,06/06/24
11.840000000000032,19880.625,06/06/24 15:00:00,1.7100000000000364,15,06/06/24
11.75,19880.666666666668,06/06/24 16:00:00,-0.09000000000003183,16,06/06/24
12.760000000000048,19880.708333333332,06/06/24 17:00:00,1.0100000000000477,17,06/06/24
13.210000000000036,19880.75,06/06/24 18:00:00,0.44999999999998863,18,06/06/24
12.930000000000009,19880.791666666668,06/06/24 19:00:00,-0.2800000000000278,19,06/06/24
11.83000000000004,19880.833333333332,06/06/24 20:00:00,-1.0999999999999694,20,06/06/24
11.420000000000016,19880.875,06/06/24 21:00:00,-0.41000000000002323,21,06/06/24
10.210000000000036,19880.916666666668,06/06/24 22:00:00,-1.2099999999999795,22,06/06/24
9.25,19880.958333333332,06/06/24 23:00:00,-0.9600000000000364,23,06/06/24
8.620000000000005,19881.0,07/06/24 00:00:00,-0.6299999999999955,00,07/06/24
8.020000000000039,19881.041666666668,07/06/24 01:00:00,-0.5999999999999659,01,07/06/24
7.650000000000034,19881.083333333332,07/06/24 02:00:00,-0.37000000000000455,02,07/06/24
6.890000000000043,19881.125,07/06/24 03:00:00,-0.7599999999999909,03,07/06/24
6.390000000000043,19881.166666666668,07/06/24 04:00:00,-0.5,04,07/06/24
6.310000000000002,19881.208333333332,07/06/24 05:00:00,-0.08000000000004093,05,07/06/24
5.390000000000043,19881.25,07/06/24 06:00:00,-0.9199999999999591,06,07/06/24
4.840000000000032,19881.291666666668,07/06/24 07:00:00,-0.5500000000000114,07,07/06/24
5.180000000000007,19881.333333333332,07/06/24 08:00:00,0.339999999999975,08,07/06/24
5.960000000000036,19881.375,07/06/24 09:00:00,0.7800000000000296,09,07/06/24
6.600000000000023,19881.416666666668,07/06/24 10:00:00,0.6399999999999864,10,07/06/24
7.950000000000045,19881.458333333332,07/06/24 11:00:00,1.3500000000000218,11,07/06/24
9.400000000000034,19881.5,07/06/24 12:00:00,1.4499999999999895,12,07/06/24
11.060000000000002,19881.541666666668,07/06/24 13:00:00,1.6599999999999682,13,07/06/24
12.110000000000014,19881.583333333332,07/06/24 14:00:00,1.0500000000000114,14,07/06/24
10.260000000000048,19881.625,07/06/24 15:00:00,-1.849999999999966,15,07/06/24
11.240000000000007,19881.666666666668,07/06/24 16:00:00,0.9799999999999596,16,07/06/24
9.350000000000025,19881.708333333332,07/06/24 17:00:00,-1.8899999999999828,17,07/06/24
8.78000000000003,19881.75,07/06/24 18:00:00,-0.569999999999995,18,07/06/24
9.25,19881.791666666668,07/06/24 19:00:00,0.46999999999997044,19,07/06/24
9.350000000000025,19881.833333333332,07/06/24 20:00:00,0.10000000000002451,20,07/06/24
9.04000000000002,19881.875,07/06/24 21:00:00,-0.31000000000000405,21,07/06/24
8.260000000000048,19881.916666666668,07/06/24 22:00:00,-0.7799999999999727,22,07/06/24
6.960000000000036,19881.958333333332,07/06/24 23:00:00,-1.3000000000000114,23,07/06/24
6.25,19882.0,08/06/24 00:00:00,-0.7100000000000364,00,08/06/24
5.650000000000034,19882.041666666668,08/06/24 01:00:00,-0.5999999999999659,01,08/06/24
5.310000000000002,19882.083333333332,08/06/24 02:00:00,-0.34000000000003183,02,08/06/24
4.900000000000034,19882.125,08/06/24 03:00:00,-0.40999999999996817,03,08/06/24
4.010000000000048,19882.166666666668,08/06/24 04:00:00,-0.8899999999999864,04,08/06/24
4.150000000000034,19882.208333333332,08/06/24 05:00:00,0.13999999999998636,05,08/06/24
4.2000000000000455,19882.25,08/06/24 06:00:00,0.05000000000001137,06,08/06/24
4.1200000000000045,19882.291666666668,08/06/24 07:00:00,-0.08000000000004093,07,08/06/24
3.82000000000005,19882.333333333332,08/06/24 08:00:00,-0.2999999999999545,08,08/06/24
4.0400000000000205,19882.375,08/06/24 09:00:00,0.21999999999997044,09,08/06/24
4.930000000000007,19882.416666666668,08/06/24 10:00:00,0.8899999999999864,10,08/06/24
6.090000000000032,19882.458333333332,08/06/24 11:00:00,1.160000000000025,11,08/06/24
6.720000000000027,19882.5,08/06/24 12:00:00,0.6299999999999955,12,08/06/24
8.54000000000002,19882.541666666668,08/06/24 13:00:00,1.8199999999999932,13,08/06/24
9.510000000000048,19882.583333333332,08/06/24 14:00:00,0.9700000000000273,14,08/06/24
10.430000000000009,19882.625,08/06/24 15:00:00,0.9199999999999608,15,08/06/24
11.240000000000007,19882.666666666668,08/06/24 16:00:00,0.8099999999999987,16,08/06/24
11.52000000000004,19882.708333333332,08/06/24 17:00:00,0.2800000000000331,17,08/06/24
12.010000000000048,19882.75,08/06/24 18:00:00,0.4900000000000073,18,08/06/24
12.810000000000002,19882.791666666668,08/06/24 19:00:00,0.7999999999999545,19,08/06/24
12.660000000000023,19882.833333333332,08/06/24 20:00:00,-0.14999999999997904,20,08/06/24
12.370000000000005,19882.875,08/06/24 21:00:00,-0.2900000000000187,21,08/06/24
10.860000000000014,19882.916666666668,08/06/24 22:00:00,-1.509999999999991,22,08/06/24
9.25,19882.958333333332,08/06/24 23:00:00,-1.6100000000000136,23,08/06/24
8.230000000000018,19883.0,09/06/24 00:00:00,-1.0199999999999818,00,09/06/24
8.170000000000016,19883.041666666668,09/06/24 01:00:00,-0.060000000000002274,01,09/06/24
8.379999999999995,19883.083333333332,09/06/24 02:00:00,0.20999999999997954,02,09/06/24
8.350000000000023,19883.125,09/06/24 03:00:00,-0.029999999999972715,03,09/06/24
8.170000000000016,19883.166666666668,09/06/24 04:00:00,-0.18000000000000682,04,09/06/24
8.439999999999998,19883.208333333332,09/06/24 05:00:00,0.2699999999999818,05,09/06/24
8.400000000000034,19883.25,09/06/24 06:00:00,-0.03999999999996362,06,09/06/24
8.100000000000023,19883.291666666668,09/06/24 07:00:00,-0.30000000000001137,07,09/06/24
8.189999999999998,19883.333333333332,09/06/24 08:00:00,0.08999999999997499,08,09/06/24
8.140000000000043,19883.375,09/06/24 09:00:00,-0.049999999999954525,09,09/06/24
8.520000000000039,19883.416666666668,09/06/24 10:00:00,0.37999999999999545,10,09/06/24
9.050000000000011,19883.458333333332,09/06/24 11:00:00,0.5299999999999727,11,09/06/24
9.689999999999998,19883.5,09/06/24 12:00:00,0.6399999999999864,12,09/06/24
10.410000000000023,19883.541666666668,09/06/24 13:00:00,0.7200000000000255,13,09/06/24
11.110000000000014,19883.583333333332,09/06/24 14:00:00,0.6999999999999904,14,09/06/24
11.54000000000002,19883.625,09/06/24 15:00:00,0.4300000000000068,15,09/06/24
11.450000000000044,19883.666666666668,09/06/24 16:00:00,-0.08999999999997677,16,09/06/24
11.300000000000011,19883.708333333332,09/06/24 17:00:00,-0.15000000000003233,17,09/06/24
11.0,19883.75,09/06/24 18:00:00,-0.30000000000001137,18,09/06/24
11.760000000000048,19883.791666666668,09/06/24 19:00:00,0.7600000000000477,19,09/06/24
10.930000000000009,19883.833333333332,09/06/24 20:00:00,-0.8300000000000392,20,09/06/24
10.939999999999998,19883.875,09/06/24 21:00:00,0.009999999999989129,21,09/06/24
9.5,19883.916666666668,09/06/24 22:00:00,-1.4399999999999977,22,09/06/24
9.180000000000009,19883.958333333332,09/06/24 23:00:00,-0.3199999999999914,23,09/06/24
8.439999999999998,19884.0,10/06/24 00:00:00,-0.7400000000000109,00,10/06/24
7.550000000000011,19884.041666666668,10/06/24 01:00:00,-0.8899999999999864,01,10/06/24
6.330000000000041,19884.083333333332,10/06/24 02:00:00,-1.2199999999999704,02,10/06/24
5.650000000000034,19884.125,10/06/24 03:00:00,-0.6800000000000068,03,10/06/24
4.800000000000011,19884.166666666668,10/06/24 04:00:00,-0.8500000000000227,04,10/06/24
3.910000000000025,19884.208333333332,10/06/24 05:00:00,-0.8899999999999864,05,10/06/24
4.010000000000048,19884.25,10/06/24 06:00:00,0.10000000000002274,06,10/06/24
3.740000000000009,19884.291666666668,10/06/24 07:00:00,-0.27000000000003865,07,10/06/24
3.430000000000007,19884.333333333332,10/06/24 08:00:00,-0.3100000000000023,08,10/06/24
3.640000000000043,19884.375,10/06/24 09:00:00,0.21000000000003638,09,10/06/24
5.080000000000041,19884.416666666668,10/06/24 10:00:00,1.4399999999999977,10,10/06/24
6.879999999999996,19884.458333333332,10/06/24 11:00:00,1.7999999999999554,11,10/06/24
8.129999999999995,19884.5,10/06/24 12:00:00,1.2499999999999991,12,10/06/24
9.150000000000034,19884.541666666668,10/06/24 13:00:00,1.0200000000000387,13,10/06/24
9.25,19884.583333333332,10/06/24 14:00:00,0.0999999999999659,14,10/06/24
9.660000000000023,19884.625,10/06/24 15:00:00,0.41000000000002323,15,10/06/24
9.910000000000023,19884.666666666668,10/06/24 16:00:00,0.25,16,10/06/24
9.840000000000032,19884.708333333332,10/06/24 17:00:00,-0.0699999999999914,17,10/06/24
9.950000000000044,19884.75,10/06/24 18:00:00,0.11000000000001187,18,10/06/24
9.939999999999998,19884.791666666668,10/06/24 19:00:00,-0.010000000000045972,19,10/06/24
9.310000000000002,19884.833333333332,10/06/24 20:00:00,-0.6299999999999955,20,10/06/24
8.830000000000041,19884.875,10/06/24 21:00:00,-0.47999999999996135,21,10/06/24
8.090000000000032,19884.916666666668,10/06/24 22:00:00,-0.7400000000000091,22,10/06/24
7.480000000000018,19884.958333333332,10/06/24 23:00:00,-0.6100000000000136,23,10/06/24
6.560000000000002,19885.0,11/06/24 00:00:00,-0.9200000000000159,00,11/06/24
5.7000000000000455,19885.041666666668,11/06/24 01:00:00,-0.8599999999999568,01,11/06/24
4.720000000000027,19885.083333333332,11/06/24 02:00:00,-0.9800000000000182,02,11/06/24
4.310000000000002,19885.125,11/06/24 03:00:00,-0.410000000000025,03,11/06/24
3.960000000000037,19885.166666666668,11/06/24 04:00:00,-0.34999999999996545,04,11/06/24
3.0200000000000387,19885.208333333332,11/06/24 05:00:00,-0.9399999999999982,05,11/06/24
3.010000000000048,19885.25,11/06/24 06:00:00,-0.009999999999990461,06,11/06/24
3.3500000000000227,19885.291666666668,11/06/24 07:00:00,0.33999999999997454,07,11/06/24
3.430000000000007,19885.333333333332,11/06/24 08:00:00,0.07999999999998408,08,11/06/24
4.230000000000018,19885.375,11/06/24 09:00:00,0.8000000000000114,09,11/06/24
5.010000000000048,19885.416666666668,11/06/24 10:00:00,0.7800000000000296,10,11/06/24
6.590000000000032,19885.458333333332,11/06/24 11:00:00,1.579999999999984,11,11/06/24
7.980000000000018,19885.5,11/06/24 12:00:00,1.3899999999999864,12,11/06/24
8.470000000000027,19885.541666666668,11/06/24 13:00:00,0.4900000000000091,13,11/06/24
9.260000000000048,19885.583333333332,11/06/24 14:00:00,0.7900000000000205,14,11/06/24
8.860000000000014,19885.625,11/06/24 15:00:00,-0.4000000000000341,15,11/06/24
10.33000000000004,19885.666666666668,11/06/24 16:00:00,1.4700000000000255,16,11/06/24
11.060000000000002,19885.708333333332,11/06/24 17:00:00,0.7299999999999631,17,11/06/24
11.240000000000007,19885.75,11/06/24 18:00:00,0.18000000000000504,18,11/06/24
10.550000000000011,19885.791666666668,11/06/24 19:00:00,-0.689999999999996,19,11/06/24
10.610000000000014,19885.833333333332,11/06/24 20:00:00,0.060000000000002274,20,11/06/24
9.970000000000027,19885.875,11/06/24 21:00:00,-0.6399999999999864,21,11/06/24
9.129999999999995,19885.916666666668,11/06/24 22:00:00,-0.8400000000000318,22,11/06/24
7.82000000000005,19885.958333333332,11/06/24 23:00:00,-1.3099999999999454,23,11/06/24
6.5400000000000205,19886.0,12/06/24 00:00:00,-1.2800000000000296,00,12/06/24
5.650000000000034,19886.041666666668,12/06/24 01:00:00,-0.8899999999999864,01,12/06/24
5.470000000000027,19886.083333333332,12/06/24 02:00:00,-0.18000000000000682,02,12/06/24
4.960000000000036,19886.125,12/06/24 03:00:00,-0.5099999999999909,03,12/06/24
4.660000000000025,19886.166666666668,12/06/24 04:00:00,-0.30000000000001137,04,12/06/24
4.470000000000027,19886.208333333332,12/06/24 05:00:00,-0.18999999999999773,05,12/06/24
3.82000000000005,19886.25,12/06/24 06:00:00,-0.6499999999999773,06,12/06/24
2.890000000000043,19886.291666666668,12/06/24 07:00:00,-0.9300000000000068,07,12/06/24
2.930000000000007,19886.333333333332,12/06/24 08:00:00,0.03999999999996362,08,12/06/24
3.230000000000018,19886.375,12/06/24 09:00:00,0.30000000000001137,09,12/06/24
4.7000000000000455,19886.416666666668,12/06/24 10:00:00,1.4700000000000273,10,12/06/24
6.340000000000032,19886.458333333332,12/06/24 11:00:00,1.6399999999999864,11,12/06/24
8.330000000000041,19886.5,12/06/24 12:00:00,1.990000000000009,12,12/06/24
9.470000000000027,19886.541666666668,12/06/24 13:00:00,1.1399999999999864,13,12/06/24
9.920000000000016,19886.583333333332,12/06/24 14:00:00,0.44999999999998863,14,12/06/24
9.620000000000005,19886.625,12/06/24 15:00:00,-0.30000000000001137,15,12/06/24
9.620000000000005,19886.666666666668,12/06/24 16:00:00,0.0,16,12/06/24
10.850000000000025,19886.708333333332,12/06/24 17:00:00,1.23000000000002,17,12/06/24
10.5,19886.75,12/06/24 18:00:00,-0.3500000000000245,18,12/06/24
10.53000000000003,19886.791666666668,12/06/24 19:00:00,0.03000000000002956,19,12/06/24
10.58000000000004,19886.833333333332,12/06/24 20:00:00,0.05000000000000959,20,12/06/24
9.650000000000034,19886.875,12/06/24 21:00:00,-0.930000000000005,21,12/06/24
8.129999999999995,19886.916666666668,12/06/24 22:00:00,-1.5200000000000387,22,12/06/24
7.420000000000016,19886.958333333332,12/06/24 23:00:00,-0.7099999999999795,23,12/06/24
7.340000000000032,19887.0,13/06/24 00:00:00,-0.07999999999998408,00,13/06/24
7.1200000000000045,19887.041666666668,13/06/24 01:00:00,-0.22000000000002728,01,13/06/24
6.330000000000041,19887.083333333332,13/06/24 02:00:00,-0.7899999999999636,02,13/06/24
5.189999999999998,19887.125,13/06/24 03:00:00,-1.1400000000000432,03,13/06/24
3.580000000000041,19887.166666666668,13/06/24 04:00:00,-1.6099999999999568,04,13/06/24
2.840000000000032,19887.208333333332,13/06/24 05:00:00,-0.7400000000000091,05,13/06/24
2.6000000000000227,19887.25,13/06/24 06:00:00,-0.2400000000000091,06,13/06/24
1.8900000000000432,19887.291666666668,13/06/24 07:00:00,-0.7099999999999795,07,13/06/24
1.740000000000009,19887.333333333332,13/06/24 08:00:00,-0.1500000000000341,08,13/06/24
1.920000000000016,19887.375,13/06/24 09:00:00,0.18000000000000682,09,13/06/24
3.7800000000000296,19887.416666666668,13/06/24 10:00:00,1.8600000000000136,10,13/06/24
6.180000000000007,19887.458333333332,13/06/24 11:00:00,2.3999999999999773,11,13/06/24
7.680000000000007,19887.5,13/06/24 12:00:00,1.5,12,13/06/24
8.470000000000027,19887.541666666668,13/06/24 13:00:00,0.7900000000000205,13,13/06/24
9.439999999999998,19887.583333333332,13/06/24 14:00:00,0.9699999999999704,14,13/06/24
10.350000000000025,19887.625,13/06/24 15:00:00,0.9100000000000268,15,13/06/24
10.840000000000032,19887.666666666668,13/06/24 16:00:00,0.4900000000000073,16,13/06/24
11.360000000000014,19887.708333333332,13/06/24 17:00:00,0.5199999999999818,17,13/06/24
12.150000000000034,19887.75,13/06/24 18:00:00,0.7900000000000205,18,13/06/24
11.660000000000023,19887.791666666668,13/06/24 19:00:00,-0.49000000000001087,19,13/06/24
10.990000000000007,19887.833333333332,13/06/24 20:00:00,-0.6700000000000159,20,13/06/24
10.390000000000043,19887.875,13/06/24 21:00:00,-0.5999999999999641,21,13/06/24
9.150000000000034,19887.916666666668,13/06/24 22:00:00,-1.240000000000009,22,13/06/24
8.460000000000036,19887.958333333332,13/06/24 23:00:00,-0.6899999999999977,23,13/06/24
7.78000000000003,19888.0,14/06/24 00:00:00,-0.6800000000000068,00,14/06/24
7.230000000000018,19888.041666666668,14/06/24 01:00:00,-0.5500000000000114,01,14/06/24
7.340000000000032,19888.083333333332,14/06/24 02:00:00,0.11000000000001364,02,14/06/24
7.460000000000036,19888.125,14/06/24 03:00:00,0.12000000000000455,03,14/06/24
7.460000000000036,19888.166666666668,14/06/24 04:00:00,0.0,04,14/06/24
7.439999999999998,19888.208333333332,14/06/24 05:00:00,-0.020000000000038654,05,14/06/24
6.990000000000009,19888.25,14/06/24 06:00:00,-0.44999999999998863,06,14/06/24
6.560000000000002,19888.291666666668,14/06/24 07:00:00,-0.4300000000000068,07,14/06/24
6.340000000000032,19888.333333333332,14/06/24 08:00:00,-0.21999999999997044,08,14/06/24
6.5400000000000205,19888.375,14/06/24 09:00:00,0.19999999999998863,09,14/06/24
7.189999999999998,19888.416666666668,14/06/24 10:00:00,0.6499999999999773,10,14/06/24
7.2000000000000455,19888.458333333332,14/06/24 11:00:00,0.010000000000047748,11,14/06/24
7.79000000000002,19888.5,14/06/24 12:00:00,0.5899999999999741,12,14/06/24
8.480000000000018,19888.541666666668,14/06/24 13:00:00,0.6899999999999986,13,14/06/24
9.450000000000044,19888.583333333332,14/06/24 14:00:00,0.9700000000000255,14,14/06/24
10.110000000000014,19888.625,14/06/24 15:00:00,0.6599999999999699,15,14/06/24
10.189999999999998,19888.666666666668,14/06/24 16:00:00,0.07999999999998408,16,14/06/24
10.189999999999998,19888.708333333332,14/06/24 17:00:00,0.0,17,14/06/24
9.760000000000048,19888.75,14/06/24 18:00:00,-0.42999999999995,18,14/06/24
9.430000000000009,19888.791666666668,14/06/24 19:00:00,-0.33000000000003915,19,14/06/24
9.27000000000004,19888.833333333332,14/06/24 20:00:00,-0.15999999999996817,20,14/06/24
8.870000000000005,19888.875,14/06/24 21:00:00,-0.4000000000000359,21,14/06/24
8.080000000000041,19888.916666666668,14/06/24 22:00:00,-0.7899999999999636,22,14/06/24
7.360000000000014,19888.958333333332,14/06/24 23:00:00,-0.7200000000000273,23,14/06/24
6.6200000000000045,19889.0,15/06/24 00:00:00,-0.7400000000000091,00,15/06/24
6.28000000000003,19889.041666666668,15/06/24 01:00:00,-0.339999999999975,01,15/06/24
5.490000000000009,19889.083333333332,15/06/24 02:00:00,-0.7900000000000205,02,15/06/24
5.310000000000002,19889.125,15/06/24 03:00:00,-0.18000000000000682,03,15/06/24
5.5,19889.166666666668,15/06/24 04:00:00,0.18999999999999773,04,15/06/24
5.2900000000000205,19889.208333333332,15/06/24 05:00:00,-0.20999999999997954,05,15/06/24
4.830000000000041,19889.25,15/06/24 06:00:00,-0.45999999999997954,06,15/06/24
3.980000000000018,19889.291666666668,15/06/24 07:00:00,-0.8500000000000227,07,15/06/24
3.4600000000000364,19889.333333333332,15/06/24 08:00:00,-0.5199999999999818,08,15/06/24
3.879999999999996,19889.375,15/06/24 09:00:00,0.4199999999999595,09,15/06/24
6.129999999999996,19889.416666666668,15/06/24 10:00:00,2.2500000000000004,10,15/06/24
8.5,19889.458333333332,15/06/24 11:00:00,2.3700000000000037,11,15/06/24
10.0,19889.5,15/06/24 12:00:00,1.5,12,15/06/24
10.390000000000043,19889.541666666668,15/06/24 13:00:00,0.3900000000000432,13,15/06/24
11.850000000000025,19889.583333333332,15/06/24 14:00:00,1.4599999999999813,14,15/06/24
12.25,19889.625,15/06/24 15:00:00,0.3999999999999755,15,15/06/24
12.390000000000043,19889.666666666668,15/06/24 16:00:00,0.1400000000000432,16,15/06/24
12.710000000000036,19889.708333333332,15/06/24 17:00:00,0.3199999999999932,17,15/06/24
13.120000000000005,19889.75,15/06/24 18:00:00,0.40999999999996817,18,15/06/24
13.110000000000014,19889.791666666668,15/06/24 19:00:00,-0.009999999999990905,19,15/06/24
13.0,19889.833333333332,15/06/24 20:00:00,-0.11000000000001364,20,15/06/24
12.300000000000011,19889.875,15/06/24 21:00:00,-0.6999999999999886,21,15/06/24
11.760000000000048,19889.916666666668,15/06/24 22:00:00,-0.5399999999999636,22,15/06/24
10.620000000000005,19889.958333333332,15/06/24 23:00:00,-1.1400000000000432,23,15/06/24
10.03000000000003,19890.0,16/06/24 00:00:00,-0.589999999999975,00,16/06/24
9.58000000000004,19890.041666666668,16/06/24 01:00:00,-0.4499999999999904,01,16/06/24
9.189999999999998,19890.083333333332,16/06/24 02:00:00,-0.3900000000000414,02,16/06/24
8.370000000000005,19890.125,16/06/24 03:00:00,-0.8199999999999932,03,16/06/24
7.350000000000023,19890.166666666668,16/06/24 04:00:00,-1.0199999999999818,04,16/06/24
6.430000000000007,19890.208333333332,16/06/24 05:00:00,-0.9200000000000159,05,16/06/24
6.330000000000041,19890.25,16/06/24 06:00:00,-0.0999999999999659,06,16/06/24
5.879999999999996,19890.291666666668,16/06/24 07:00:00,-0.4500000000000446,07,16/06/24
5.270000000000039,19890.333333333332,16/06/24 08:00:00,-0.6099999999999577,08,16/06/24
5.879999999999996,19890.375,16/06/24 09:00:00,0.6099999999999577,09,16/06/24
8.28000000000003,19890.416666666668,16/06/24 10:00:00,2.400000000000033,10,16/06/24
10.54000000000002,19890.458333333332,16/06/24 11:00:00,2.259999999999991,11,16/06/24
12.910000000000023,19890.5,16/06/24 12:00:00,2.3700000000000028,12,16/06/24
14.140000000000043,19890.541666666668,16/06/24 13:00:00,1.23000000000002,13,16/06/24
14.420000000000016,19890.583333333332,16/06/24 14:00:00,0.2799999999999727,14,16/06/24
15.010000000000048,19890.625,16/06/24 15:00:00,0.5900000000000318,15,16/06/24
15.760000000000048,19890.666666666668,16/06/24 16:00:00,0.75,16,16/06/24
15.82000000000005,19890.708333333332,16/06/24 17:00:00,0.060000000000002274,17,16/06/24
15.980000000000018,19890.75,16/06/24 18:00:00,0.15999999999996817,18,16/06/24
15.33000000000004,19890.791666666668,16/06/24 19:00:00,-0.649999999999979,19,16/06/24
15.420000000000016,19890.833333333332,16/06/24 20:00:00,0.08999999999997677,20,16/06/24
15.140000000000043,19890.875,16/06/24 21:00:00,-0.2799999999999727,21,16/06/24
14.140000000000043,19890.916666666668,16/06/24 22:00:00,-1.0,22,16/06/24
13.460000000000036,19890.958333333332,16/06/24 23:00:00,-0.6800000000000068,23,16/06/24
12.120000000000005,19891.0,17/06/24 00:00:00,-1.3400000000000318,00,17/06/24
10.990000000000007,19891.041666666668,17/06/24 01:00:00,-1.1299999999999972,01,17/06/24
10.879999999999995,19891.083333333332,17/06/24 02:00:00,-0.11000000000001187,02,17/06/24
10.25,19891.125,17/06/24 03:00:00,-0.6299999999999955,03,17/06/24
10.060000000000002,19891.166666666668,17/06/24 04:00:00,-0.18999999999999773,04,17/06/24
9.890000000000043,19891.208333333332,17/06/24 05:00:00,-0.16999999999995907,05,17/06/24
9.740000000000007,19891.25,17/06/24 06:00:00,-0.15000000000003588,06,17/06/24
9.740000000000007,19891.291666666668,17/06/24 07:00:00,0.0,07,17/06/24
9.430000000000009,19891.333333333332,17/06/24 08:00:00,-0.3099999999999987,08,17/06/24
9.890000000000043,19891.375,17/06/24 09:00:00,0.4600000000000346,09,17/06/24
10.430000000000009,19891.416666666668,17/06/24 10:00:00,0.5399999999999654,10,17/06/24
11.58000000000004,19891.458333333332,17/06/24 11:00:00,1.1500000000000306,11,17/06/24
12.680000000000009,19891.5,17/06/24 12:00:00,1.0999999999999694,12,17/06/24
14.410000000000023,19891.541666666668,17/06/24 13:00:00,1.7300000000000146,13,17/06/24
14.960000000000036,19891.583333333332,17/06/24 14:00:00,0.5500000000000131,14,17/06/24
15.700000000000044,19891.625,17/06/24 15:00:00,0.7400000000000073,15,17/06/24
14.480000000000018,19891.666666666668,17/06/24 16:00:00,-1.2200000000000255,16,17/06/24
13.680000000000009,19891.708333333332,17/06/24 17:00:00,-0.8000000000000096,17,17/06/24
14.050000000000011,19891.75,17/06/24 18:00:00,0.37000000000000277,18,17/06/24
14.82000000000005,19891.791666666668,17/06/24 19:00:00,0.7700000000000387,19,17/06/24
14.760000000000048,19891.833333333332,17/06/24 20:00:00,-0.060000000000002274,20,17/06/24
14.110000000000014,19891.875,17/06/24 21:00:00,-0.6500000000000341,21,17/06/24
12.800000000000011,19891.916666666668,17/06/24 22:00:00,-1.3100000000000023,22,17/06/24
12.77000000000004,19891.958333333332,17/06/24 23:00:00,-0.02999999999997094,23,17/06/24
12.180000000000009,19892.0,18/06/24 00:00:00,-0.5900000000000318,00,18/06/24
12.08000000000004,19892.041666666668,18/06/24 01:00:00,-0.09999999999996945,01,18/06/24
11.689999999999998,19892.083333333332,18/06/24 02:00:00,-0.3900000000000414,02,18/06/24
10.810000000000002,19892.125,18/06/24 03:00:00,-0.8799999999999955,03,18/06/24
10.700000000000044,19892.166666666668,18/06/24 04:00:00,-0.10999999999995858,04,18/06/24
10.700000000000044,19892.208333333332,18/06/24 05:00:00,0.0,05,18/06/24
10.5,19892.25,18/06/24 06:00:00,-0.2000000000000437,06,18/06/24
10.430000000000009,19892.291666666668,18/06/24 07:00:00,-0.0699999999999914,07,18/06/24
10.090000000000032,19892.333333333332,18/06/24 08:00:00,-0.33999999999997677,08,18/06/24
10.170000000000016,19892.375,18/06/24 09:00:00,0.07999999999998408,09,18/06/24
10.420000000000016,19892.416666666668,18/06/24 10:00:00,0.25,10,18/06/24
10.83000000000004,19892.458333333332,18/06/24 11:00:00,0.41000000000002323,11,18/06/24
11.189999999999998,19892.5,18/06/24 12:00:00,0.3599999999999586,12,18/06/24
11.5,19892.541666666668,18/06/24 13:00:00,0.3100000000000023,13,18/06/24
12.83000000000004,19892.583333333332,18/06/24 14:00:00,1.3300000000000392,14,18/06/24
14.180000000000009,19892.625,18/06/24 15:00:00,1.3499999999999694,15,18/06/24
14.970000000000027,19892.666666666668,18/06/24 16:00:00,0.7900000000000187,16,18/06/24
15.710000000000036,19892.708333333332,18/06/24 17:00:00,0.7400000000000091,17,18/06/24
15.810000000000002,19892.75,18/06/24 18:00:00,0.0999999999999659,18,18/06/24
16.480000000000018,19892.791666666668,18/06/24 19:00:00,0.6700000000000159,19,18/06/24
16.420000000000016,19892.833333333332,18/06/24 20:00:00,-0.060000000000002274,20,18/06/24
15.090000000000032,19892.875,18/06/24 21:00:00,-1.329999999999984,21,18/06/24
12.090000000000032,19892.916666666668,18/06/24 22:00:00,-3.0,22,18/06/24
11.710000000000036,19892.958333333332,18/06/24 23:00:00,-0.37999999999999545,23,18/06/24
11.390000000000043,19893.0,19/06/24 00:00:00,-0.3199999999999932,00,19/06/24
10.52000000000004,19893.041666666668,19/06/24 01:00:00,-0.8700000000000028,01,19/06/24
9.910000000000023,19893.083333333332,19/06/24 02:00:00,-0.6100000000000172,02,19/06/24
10.28000000000003,19893.125,19/06/24 03:00:00,0.3700000000000063,03,19/06/24
9.689999999999998,19893.166666666668,19/06/24 04:00:00,-0.5900000000000318,04,19/06/24
8.970000000000027,19893.208333333332,19/06/24 05:00:00,-0.7199999999999704,05,19/06/24
8.140000000000043,19893.25,19/06/24 06:00:00,-0.8299999999999841,06,19/06/24
7.53000000000003,19893.291666666668,19/06/24 07:00:00,-0.6100000000000136,07,19/06/24
7.1200000000000045,19893.333333333332,19/06/24 08:00:00,-0.410000000000025,08,19/06/24
8.060000000000002,19893.375,19/06/24 09:00:00,0.9399999999999977,09,19/06/24
9.850000000000025,19893.416666666668,19/06/24 10:00:00,1.7900000000000222,10,19/06/24
11.620000000000005,19893.458333333332,19/06/24 11:00:00,1.76999999999998,11,19/06/24
13.850000000000025,19893.5,19/06/24 12:00:00,2.23000000000002,12,19/06/24
15.620000000000005,19893.541666666668,19/06/24 13:00:00,1.76999999999998,13,19/06/24
16.939999999999998,19893.583333333332,19/06/24 14:00:00,1.3199999999999932,14,19/06/24
17.590000000000032,19893.625,19/06/24 15:00:00,0.6500000000000341,15,19/06/24
18.390000000000043,19893.666666666668,19/06/24 16:00:00,0.8000000000000114,16,19/06/24
18.600000000000023,19893.708333333332,19/06/24 17:00:00,0.20999999999997954,17,19/06/24
18.860000000000014,19893.75,19/06/24 18:00:00,0.2599999999999909,18,19/06/24
18.620000000000005,19893.791666666668,19/06/24 19:00:00,-0.2400000000000091,19,19/06/24
17.890000000000043,19893.833333333332,19/06/24 20:00:00,-0.7299999999999613,20,19/06/24
17.0,19893.875,19/06/24 21:00:00,-0.8900000000000432,21,19/06/24
15.980000000000018,19893.916666666668,19/06/24 22:00:00,-1.0199999999999818,22,19/06/24
15.450000000000044,19893.958333333332,19/06/24 23:00:00,-0.5299999999999745,23,19/06/24
14.660000000000023,19894.0,20/06/24 00:00:00,-0.7900000000000205,00,20/06/24
14.210000000000036,19894.041666666668,20/06/24 01:00:00,-0.44999999999998685,01,20/06/24
13.689999999999998,19894.083333333332,20/06/24 02:00:00,-0.5200000000000387,02,20/06/24
13.670000000000016,19894.125,20/06/24 03:00:00,-0.01999999999998181,03,20/06/24
13.120000000000005,19894.166666666668,20/06/24 04:00:00,-0.5500000000000114,04,20/06/24
12.840000000000032,19894.208333333332,20/06/24 05:00:00,-0.2799999999999727,05,20/06/24
12.110000000000014,19894.25,20/06/24 06:00:00,-0.7300000000000182,06,20/06/24
11.960000000000036,19894.291666666668,20/06/24 07:00:00,-0.14999999999997726,07,20/06/24
11.920000000000016,19894.333333333332,20/06/24 08:00:00,-0.040000000000020464,08,20/06/24
11.950000000000044,19894.375,20/06/24 09:00:00,0.030000000000027782,09,20/06/24
12.25,19894.416666666668,20/06/24 10:00:00,0.2999999999999563,10,20/06/24
12.420000000000016,19894.458333333332,20/06/24 11:00:00,0.17000000000001592,11,20/06/24
12.590000000000032,19894.5,20/06/24 12:00:00,0.17000000000001592,12,20/06/24
13.840000000000032,19894.541666666668,20/06/24 13:00:00,1.25,13,20/06/24
15.860000000000014,19894.583333333332,20/06/24 14:00:00,2.019999999999982,14,20/06/24
17.53000000000003,19894.625,20/06/24 15:00:00,1.670000000000016,15,20/06/24
18.25,19894.666666666668,20/06/24 16:00:00,0.7199999999999704,16,20/06/24
18.110000000000014,19894.708333333332,20/06/24 17:00:00,-0.13999999999998636,17,20/06/24
17.610000000000014,19894.75,20/06/24 18:00:00,-0.5,18,20/06/24
17.960000000000036,19894.791666666668,20/06/24 19:00:00,0.35000000000002274,19,20/06/24
17.450000000000045,19894.833333333332,20/06/24 20:00:00,-0.5099999999999909,20,20/06/24
16.960000000000036,19894.875,20/06/24 21:00:00,-0.4900000000000091,21,20/06/24
15.980000000000018,19894.916666666668,20/06/24 22:00:00,-0.9800000000000182,22,20/06/24
15.54000000000002,19894.958333333332,20/06/24 23:00:00,-0.4399999999999977,23,20/06/24
15.03000000000003,19895.0,21/06/24 00:00:00,-0.5099999999999909,00,21/06/24
14.900000000000034,19895.041666666668,21/06/24 01:00:00,-0.12999999999999545,01,21/06/24
14.57000000000005,19895.083333333332,21/06/24 02:00:00,-0.3299999999999841,02,21/06/24
14.360000000000014,19895.125,21/06/24 03:00:00,-0.21000000000003638,03,21/06/24
13.650000000000034,19895.166666666668,21/06/24 04:00:00,-0.7099999999999795,04,21/06/24
13.230000000000018,19895.208333333332,21/06/24 05:00:00,-0.4200000000000159,05,21/06/24
12.950000000000044,19895.25,21/06/24 06:00:00,-0.2799999999999745,06,21/06/24
12.890000000000043,19895.291666666668,21/06/24 07:00:00,-0.0600000000000005,07,21/06/24
12.360000000000014,19895.333333333332,21/06/24 08:00:00,-0.5300000000000296,08,21/06/24
12.900000000000034,19895.375,21/06/24 09:00:00,0.5400000000000205,09,21/06/24
14.200000000000044,19895.416666666668,21/06/24 10:00:00,1.3000000000000096,10,21/06/24
16.340000000000032,19895.458333333332,21/06/24 11:00:00,2.139999999999988,11,21/06/24
17.55000000000001,19895.5,21/06/24 12:00:00,1.2099999999999795,12,21/06/24
18.350000000000023,19895.541666666668,21/06/24 13:00:00,0.8000000000000114,13,21/06/24
18.850000000000023,19895.583333333332,21/06/24 14:00:00,0.5,14,21/06/24
19.660000000000025,19895.625,21/06/24 15:00:00,0.8100000000000023,15,21/06/24
19.850000000000023,19895.666666666668,21/06/24 16:00:00,0.18999999999999773,16,21/06/24
20.629999999999995,19895.708333333332,21/06/24 17:00:00,0.7799999999999727,17,21/06/24
21.06,19895.75,21/06/24 18:00:00,0.43000000000000327,18,21/06/24
21.05000000000001,19895.791666666668,21/06/24 19:00:00,-0.009999999999987352,19,21/06/24
20.379999999999995,19895.833333333332,21/06/24 20:00:00,-0.6700000000000159,20,21/06/24
19.07000000000005,19895.875,21/06/24 21:00:00,-1.3099999999999454,21,21/06/24
17.5,19895.916666666668,21/06/24 22:00:00,-1.57000000000005,22,21/06/24
15.850000000000025,19895.958333333332,21/06/24 23:00:00,-1.6499999999999755,23,21/06/24
14.200000000000044,19896.0,22/06/24 00:00:00,-1.6499999999999808,00,22/06/24
13.77000000000004,19896.041666666668,22/06/24 01:00:00,-0.43000000000000327,01,22/06/24
12.590000000000032,19896.083333333332,22/06/24 02:00:00,-1.1800000000000086,02,22/06/24
11.53000000000003,19896.125,22/06/24 03:00:00,-1.0600000000000023,03,22/06/24
10.910000000000023,19896.166666666668,22/06/24 04:00:00,-0.6200000000000063,04,22/06/24
10.810000000000002,19896.208333333332,22/06/24 05:00:00,-0.10000000000002096,05,22/06/24
10.850000000000025,19896.25,22/06/24 06:00:00,0.04000000000002224,06,22/06/24
10.800000000000011,19896.291666666668,22/06/24 07:00:00,-0.050000000000013145,07,22/06/24
10.910000000000023,19896.333333333332,22/06/24 08:00:00,0.11000000000001187,08,22/06/24
10.990000000000007,19896.375,22/06/24 09:00:00,0.07999999999998408,09,22/06/24
11.02000000000004,19896.416666666668,22/06/24 10:00:00,0.03000000000003311,10,22/06/24
11.220000000000027,19896.458333333332,22/06/24 11:00:00,0.19999999999998685,11,22/06/24
11.83000000000004,19896.5,22/06/24 12:00:00,0.6100000000000119,12,22/06/24
12.189999999999998,19896.541666666668,22/06/24 13:00:00,0.3599999999999586,13,22/06/24
12.390000000000043,19896.583333333332,22/06/24 14:00:00,0.20000000000004547,14,22/06/24
12.700000000000044,19896.625,22/06/24 15:00:00,0.3100000000000005,15,22/06/24
12.600000000000025,19896.666666666668,22/06/24 16:00:00,-0.10000000000001918,16,22/06/24
12.560000000000002,19896.708333333332,22/06/24 17:00:00,-0.04000000000002224,17,22/06/24
12.350000000000025,19896.75,22/06/24 18:00:00,-0.20999999999997776,18,22/06/24
11.930000000000009,19896.791666666668,22/06/24 19:00:00,-0.4200000000000159,19,22/06/24
11.5,19896.833333333332,22/06/24 20:00:00,-0.4300000000000086,20,22/06/24
11.28000000000003,19896.875,22/06/24 21:00:00,-0.21999999999997044,21,22/06/24
10.920000000000016,19896.916666666668,22/06/24 22:00:00,-0.36000000000001364,22,22/06/24
10.760000000000048,19896.958333333332,22/06/24 23:00:00,-0.15999999999996817,23,22/06/24
10.640000000000043,19897.0,23/06/24 00:00:00,-0.12000000000000455,00,23/06/24
10.220000000000027,19897.041666666668,23/06/24 01:00:00,-0.4200000000000159,01,23/06/24
10.390000000000043,19897.083333333332,23/06/24 02:00:00,0.17000000000001592,02,23/06/24
10.640000000000043,19897.125,23/06/24 03:00:00,0.25,03,23/06/24
10.140000000000043,19897.166666666668,23/06/24 04:00:00,-0.5,04,23/06/24
9.939999999999998,19897.208333333332,23/06/24 05:00:00,-0.20000000000004547,05,23/06/24
9.840000000000032,19897.25,23/06/24 06:00:00,-0.0999999999999659,06,23/06/24
9.740000000000007,19897.291666666668,23/06/24 07:00:00,-0.10000000000002451,07,23/06/24
9.010000000000048,19897.333333333332,23/06/24 08:00:00,-0.7299999999999596,08,23/06/24
9.189999999999998,19897.375,23/06/24 09:00:00,0.17999999999994998,09,23/06/24
10.379999999999995,19897.416666666668,23/06/24 10:00:00,1.1899999999999977,10,23/06/24
12.090000000000032,19897.458333333332,23/06/24 11:00:00,1.7100000000000364,11,23/06/24
13.379999999999995,19897.5,23/06/24 12:00:00,1.2899999999999636,12,23/06/24
13.79000000000002,19897.541666666668,23/06/24 13:00:00,0.410000000000025,13,23/06/24
15.07000000000005,19897.583333333332,23/06/24 14:00:00,1.2800000000000296,14,23/06/24
15.260000000000048,19897.625,23/06/24 15:00:00,0.18999999999999773,15,23/06/24
16.379999999999995,19897.666666666668,23/06/24 16:00:00,1.1199999999999477,16,23/06/24
16.160000000000025,19897.708333333332,23/06/24 17:00:00,-0.21999999999997044,17,23/06/24
15.970000000000027,19897.75,23/06/24 18:00:00,-0.18999999999999773,18,23/06/24
16.32000000000005,19897.791666666668,23/06/24 19:00:00,0.35000000000002274,19,23/06/24
15.79000000000002,19897.833333333332,23/06/24 20:00:00,-0.5300000000000296,20,23/06/24
14.79000000000002,19897.875,23/06/24 21:00:00,-1.0,21,23/06/24
12.79000000000002,19897.916666666668,23/06/24 22:00:00,-2.0,22,23/06/24
11.660000000000023,19897.958333333332,23/06/24 23:00:00,-1.1299999999999972,23,23/06/24
10.910000000000023,19898.0,24/06/24 00:00:00,-0.75,00,24/06/24
9.879999999999995,19898.041666666668,24/06/24 01:00:00,-1.0300000000000278,01,24/06/24
9.200000000000044,19898.083333333332,24/06/24 02:00:00,-0.6799999999999518,02,24/06/24
8.520000000000039,19898.125,24/06/24 03:00:00,-0.680000000000005,03,24/06/24
7.950000000000045,19898.166666666668,24/06/24 04:00:00,-0.5699999999999941,04,24/06/24
7.640000000000043,19898.208333333332,24/06/24 05:00:00,-0.3100000000000014,05,24/06/24
7.480000000000018,19898.25,24/06/24 06:00:00,-0.160000000000025,06,24/06/24
7.29000000000002,19898.291666666668,24/06/24 07:00:00,-0.18999999999999861,07,24/06/24
7.25,19898.333333333332,24/06/24 08:00:00,-0.040000000000019575,08,24/06/24
7.610000000000014,19898.375,24/06/24 09:00:00,0.36000000000001364,09,24/06/24
8.400000000000034,19898.416666666668,24/06/24 10:00:00,0.7900000000000205,10,24/06/24
9.33000000000004,19898.458333333332,24/06/24 11:00:00,0.930000000000005,11,24/06/24
10.400000000000034,19898.5,24/06/24 12:00:00,1.069999999999995,12,24/06/24
11.439999999999998,19898.541666666668,24/06/24 13:00:00,1.0399999999999636,13,24/06/24
12.08000000000004,19898.583333333332,24/06/24 14:00:00,0.6400000000000414,14,24/06/24
12.890000000000043,19898.625,24/06/24 15:00:00,0.810000000000004,15,24/06/24
13.050000000000011,19898.666666666668,24/06/24 16:00:00,0.15999999999996817,16,24/06/24
13.0,19898.708333333332,24/06/24 17:00:00,-0.05000000000001137,17,24/06/24
13.470000000000027,19898.75,24/06/24 18:00:00,0.4700000000000273,18,24/06/24
14.210000000000036,19898.791666666668,24/06/24 19:00:00,0.7400000000000091,19,24/06/24
14.25,19898.833333333332,24/06/24 20:00:00,0.03999999999996362,20,24/06/24
14.050000000000011,19898.875,24/06/24 21:00:00,-0.19999999999998863,21,24/06/24
13.410000000000023,19898.916666666668,24/06/24 22:00:00,-0.6399999999999881,22,24/06/24
12.439999999999998,19898.958333333332,24/06/24 23:00:00,-0.9700000000000255,23,24/06/24
11.260000000000048,19899.0,25/06/24 00:00:00,-1.17999999999995,00,25/06/24
10.600000000000025,19899.041666666668,25/06/24 01:00:00,-0.6600000000000232,01,25/06/24
10.480000000000018,19899.083333333332,25/06/24 02:00:00,-0.12000000000000632,02,25/06/24
9.970000000000027,19899.125,25/06/24 03:00:00,-0.5099999999999909,03,25/06/24
9.760000000000048,19899.166666666668,25/06/24 04:00:00,-0.20999999999997954,04,25/06/24
10.110000000000014,19899.208333333332,25/06/24 05:00:00,0.3499999999999659,05,25/06/24
9.720000000000027,19899.25,25/06/24 06:00:00,-0.38999999999998636,06,25/06/24
9.910000000000023,19899.291666666668,25/06/24 07:00:00,0.18999999999999595,07,25/06/24
10.420000000000016,19899.333333333332,25/06/24 08:00:00,0.5099999999999927,08,25/06/24
11.07000000000005,19899.375,25/06/24 09:00:00,0.6500000000000341,09,25/06/24
11.77000000000004,19899.416666666668,25/06/24 10:00:00,0.6999999999999904,10,25/06/24
13.03000000000003,19899.458333333332,25/06/24 11:00:00,1.2599999999999891,11,25/06/24
14.240000000000007,19899.5,25/06/24 12:00:00,1.2099999999999778,12,25/06/24
15.430000000000009,19899.541666666668,25/06/24 13:00:00,1.1900000000000013,13,25/06/24
16.439999999999998,19899.583333333332,25/06/24 14:00:00,1.0099999999999891,14,25/06/24
17.640000000000043,19899.625,25/06/24 15:00:00,1.2000000000000455,15,25/06/24
17.660000000000025,19899.666666666668,25/06/24 16:00:00,0.01999999999998181,16,25/06/24
16.689999999999998,19899.708333333332,25/06/24 17:00:00,-0.9700000000000273,17,25/06/24
15.590000000000032,19899.75,25/06/24 18:00:00,-1.099999999999966,18,25/06/24
15.120000000000005,19899.791666666668,25/06/24 19:00:00,-0.4700000000000273,19,25/06/24
14.930000000000009,19899.833333333332,25/06/24 20:00:00,-0.18999999999999595,20,25/06/24
14.990000000000007,19899.875,25/06/24 21:00:00,0.05999999999999872,21,25/06/24
14.75,19899.916666666668,25/06/24 22:00:00,-0.24000000000000732,22,25/06/24
13.950000000000044,19899.958333333332,25/06/24 23:00:00,-0.7999999999999563,23,25/06/24
13.629999999999995,19900.0,26/06/24 00:00:00,-0.32000000000004825,00,26/06/24
12.939999999999998,19900.041666666668,26/06/24 01:00:00,-0.6899999999999977,01,26/06/24
12.640000000000043,19900.083333333332,26/06/24 02:00:00,-0.2999999999999545,02,26/06/24
12.860000000000014,19900.125,26/06/24 03:00:00,0.21999999999997044,03,26/06/24
12.890000000000043,19900.166666666668,26/06/24 04:00:00,0.03000000000002956,04,26/06/24
12.930000000000009,19900.208333333332,26/06/24 05:00:00,0.0399999999999654,05,26/06/24
13.160000000000023,19900.25,26/06/24 06:00:00,0.23000000000001464,06,26/06/24
12.890000000000043,19900.291666666668,26/06/24 07:00:00,-0.26999999999998003,07,26/06/24
12.310000000000002,19900.333333333332,26/06/24 08:00:00,-0.5800000000000409,08,26/06/24
11.590000000000032,19900.375,26/06/24 09:00:00,-0.7199999999999704,09,26/06/24
11.640000000000043,19900.416666666668,26/06/24 10:00:00,0.05000000000001137,10,26/06/24
11.930000000000009,19900.458333333332,26/06/24 11:00:00,0.2899999999999654,11,26/06/24
13.29000000000002,19900.5,26/06/24 12:00:00,1.3600000000000119,12,26/06/24
14.83000000000004,19900.541666666668,26/06/24 13:00:00,1.5400000000000187,13,26/06/24
15.550000000000011,19900.583333333332,26/06/24 14:00:00,0.7199999999999722,14,26/06/24
16.840000000000032,19900.625,26/06/24 15:00:00,1.2900000000000205,15,26/06/24
16.590000000000032,19900.666666666668,26/06/24 16:00:00,-0.25,16,26/06/24
17.58000000000004,19900.708333333332,26/06/24 17:00:00,0.9900000000000091,17,26/06/24
18.110000000000014,19900.75,26/06/24 18:00:00,0.5299999999999727,18,26/06/24
18.19,19900.791666666668,26/06/24 19:00:00,0.07999999999998764,19,26/06/24
17.310000000000002,19900.833333333332,26/06/24 20:00:00,-0.879999999999999,20,26/06/24
15.470000000000027,19900.875,26/06/24 21:00:00,-1.839999999999975,21,26/06/24
14.5,19900.916666666668,26/06/24 22:00:00,-0.9700000000000273,22,26/06/24
13.350000000000025,19900.958333333332,26/06/24 23:00:00,-1.1499999999999755,23,26/06/24
11.720000000000027,19901.0,27/06/24 00:00:00,-1.6299999999999972,00,27/06/24
10.879999999999995,19901.041666666668,27/06/24 01:00:00,-0.8400000000000318,01,27/06/24
11.08000000000004,19901.083333333332,27/06/24 02:00:00,0.2000000000000437,02,27/06/24
11.090000000000032,19901.125,27/06/24 03:00:00,0.009999999999992681,03,27/06/24
11.050000000000011,19901.166666666668,27/06/24 04:00:00,-0.040000000000020464,04,27/06/24
10.350000000000025,19901.208333333332,27/06/24 05:00:00,-0.6999999999999869,05,27/06/24
9.910000000000023,19901.25,27/06/24 06:00:00,-0.4400000000000013,06,27/06/24
9.360000000000014,19901.291666666668,27/06/24 07:00:00,-0.5500000000000096,07,27/06/24
9.350000000000025,19901.333333333332,27/06/24 08:00:00,-0.009999999999989129,08,27/06/24
9.970000000000027,19901.375,27/06/24 09:00:00,0.6200000000000028,09,27/06/24
11.640000000000043,19901.416666666668,27/06/24 10:00:00,1.670000000000016,10,27/06/24
13.28000000000003,19901.458333333332,27/06/24 11:00:00,1.6399999999999864,11,27/06/24
15.060000000000002,19901.5,27/06/24 12:00:00,1.7799999999999727,12,27/06/24
16.75,19901.541666666668,27/06/24 13:00:00,1.6899999999999977,13,27/06/24
17.870000000000005,19901.583333333332,27/06/24 14:00:00,1.1200000000000045,14,27/06/24
18.200000000000045,19901.625,27/06/24 15:00:00,0.3300000000000409,15,27/06/24
18.98000000000001,19901.666666666668,27/06/24 16:00:00,0.7799999999999656,16,27/06/24
19.260000000000048,19901.708333333332,27/06/24 17:00:00,0.28000000000003666,17,27/06/24
18.890000000000043,19901.75,27/06/24 18:00:00,-0.37000000000000455,18,27/06/24
18.590000000000032,19901.791666666668,27/06/24 19:00:00,-0.30000000000001137,19,27/06/24
17.379999999999995,19901.833333333332,27/06/24 20:00:00,-1.2100000000000364,20,27/06/24
17.220000000000027,19901.875,27/06/24 21:00:00,-0.15999999999996817,21,27/06/24
16.430000000000007,19901.916666666668,27/06/24 22:00:00,-0.7900000000000205,22,27/06/24
15.430000000000009,19901.958333333336,27/06/24 23:00:00,-0.9999999999999982,23,27/06/24
14.640000000000043,19902.0,28/06/24 00:00:00,-0.7899999999999654,00,28/06/24
13.550000000000011,19902.041666666668,28/06/24 01:00:00,-1.0900000000000318,01,28/06/24
13.220000000000027,19902.083333333336,28/06/24 02:00:00,-0.3299999999999841,02,28/06/24
12.100000000000025,19902.125,28/06/24 03:00:00,-1.1200000000000028,03,28/06/24
11.53000000000003,19902.166666666668,28/06/24 04:00:00,-0.569999999999995,04,28/06/24
10.350000000000025,19902.208333333336,28/06/24 05:00:00,-1.180000000000005,05,28/06/24
9.670000000000016,19902.25,28/06/24 06:00:00,-0.6800000000000086,06,28/06/24
8.910000000000025,19902.291666666668,28/06/24 07:00:00,-0.7599999999999909,07,28/06/24
8.939999999999998,19902.333333333336,28/06/24 08:00:00,0.029999999999972715,08,28/06/24
9.200000000000044,19902.375,28/06/24 09:00:00,0.26000000000004597,09,28/06/24
9.760000000000048,19902.416666666668,28/06/24 10:00:00,0.560000000000004,10,28/06/24
11.0,19902.458333333336,28/06/24 11:00:00,1.2399999999999523,11,28/06/24
11.170000000000016,19902.5,28/06/24 12:00:00,0.17000000000001592,12,28/06/24
11.410000000000023,19902.541666666668,28/06/24 13:00:00,0.24000000000000732,13,28/06/24
12.07000000000005,19902.583333333336,28/06/24 14:00:00,0.6600000000000268,14,28/06/24
12.53000000000003,19902.625,28/06/24 15:00:00,0.45999999999997954,15,28/06/24
13.180000000000009,19902.666666666668,28/06/24 16:00:00,0.649999999999979,16,28/06/24
14.100000000000025,19902.708333333336,28/06/24 17:00:00,0.9200000000000159,17,28/06/24
14.160000000000023,19902.75,28/06/24 18:00:00,0.05999999999999872,18,28/06/24
14.140000000000043,19902.791666666668,28/06/24 19:00:00,-0.019999999999980034,19,28/06/24
14.060000000000002,19902.833333333336,28/06/24 20:00:00,-0.08000000000004093,20,28/06/24
13.58000000000004,19902.875,28/06/24 21:00:00,-0.4799999999999631,21,28/06/24
13.410000000000023,19902.916666666668,28/06/24 22:00:00,-0.17000000000001592,22,28/06/24
13.02000000000004,19902.958333333336,28/06/24 23:00:00,-0.3899999999999828,23,28/06/24
12.52000000000004,19903.0,29/06/24 00:00:00,-0.5,00,29/06/24
11.33000000000004,19903.041666666668,29/06/24 01:00:00,-1.1900000000000013,01,29/06/24
10.27000000000004,19903.083333333336,29/06/24 02:00:00,-1.0599999999999987,02,29/06/24
9.32000000000005,19903.125,29/06/24 03:00:00,-0.9499999999999904,03,29/06/24
8.800000000000011,19903.166666666668,29/06/24 04:00:00,-0.5200000000000387,04,29/06/24
8.78000000000003,19903.208333333336,29/06/24 05:00:00,-0.01999999999998181,05,29/06/24
8.28000000000003,19903.25,29/06/24 06:00:00,-0.5,06,29/06/24
8.240000000000009,19903.291666666668,29/06/24 07:00:00,-0.040000000000020464,07,29/06/24
8.550000000000011,19903.333333333336,29/06/24 08:00:00,0.3100000000000023,08,29/06/24
9.210000000000036,19903.375,29/06/24 09:00:00,0.660000000000025,09,29/06/24
9.490000000000007,19903.416666666668,29/06/24 10:00:00,0.27999999999997094,10,29/06/24
10.379999999999995,19903.458333333336,29/06/24 11:00:00,0.8899999999999881,11,29/06/24
10.870000000000005,19903.5,29/06/24 12:00:00,0.4900000000000091,12,29/06/24
13.560000000000002,19903.541666666668,29/06/24 13:00:00,2.6899999999999977,13,29/06/24
15.180000000000009,19903.583333333336,29/06/24 14:00:00,1.6200000000000063,14,29/06/24
18.02000000000004,19903.625,29/06/24 15:00:00,2.84000000000003,15,29/06/24
19.44,19903.666666666668,29/06/24 16:00:00,1.4199999999999626,16,29/06/24
20.21000000000004,19903.708333333336,29/06/24 17:00:00,0.7700000000000387,17,29/06/24
20.590000000000032,19903.75,29/06/24 18:00:00,0.3799999999999919,18,29/06/24
20.660000000000025,19903.791666666668,29/06/24 19:00:00,0.06999999999999318,19,29/06/24
19.879999999999995,19903.833333333336,29/06/24 20:00:00,-0.7800000000000296,20,29/06/24
20.129999999999995,19903.875,29/06/24 21:00:00,0.25,21,29/06/24
18.970000000000027,19903.916666666668,29/06/24 22:00:00,-1.1599999999999682,22,29/06/24
17.090000000000032,19903.958333333336,29/06/24 23:00:00,-1.8799999999999955,23,29/06/24
15.890000000000043,19904.0,30/06/24 00:00:00,-1.1999999999999886,00,30/06/24
14.670000000000016,19904.041666666668,30/06/24 01:00:00,-1.2200000000000273,01,30/06/24
14.07000000000005,19904.083333333336,30/06/24 02:00:00,-0.5999999999999659,02,30/06/24
13.460000000000036,19904.125,30/06/24 03:00:00,-0.6100000000000136,03,30/06/24
13.060000000000002,19904.166666666668,30/06/24 04:00:00,-0.4000000000000341,04,30/06/24
12.650000000000034,19904.208333333336,30/06/24 05:00:00,-0.40999999999996817,05,30/06/24
11.83000000000004,19904.25,30/06/24 06:00:00,-0.819999999999995,06,30/06/24
11.640000000000043,19904.291666666668,30/06/24 07:00:00,-0.18999999999999595,07,30/06/24
11.090000000000032,19904.333333333336,30/06/24 08:00:00,-0.5500000000000114,08,30/06/24
12.33000000000004,19904.375,30/06/24 09:00:00,1.2400000000000073,09,30/06/24
14.160000000000023,19904.416666666668,30/06/24 10:00:00,1.829999999999984,10,30/06/24
17.100000000000023,19904.458333333336,30/06/24 11:00:00,2.9399999999999995,11,30/06/24
19.590000000000032,19904.5,30/06/24 12:00:00,2.490000000000009,12,30/06/24
21.260000000000048,19904.541666666668,30/06/24 13:00:00,1.670000000000016,13,30/06/24
22.31,19904.583333333336,30/06/24 14:00:00,1.049999999999951,14,30/06/24
22.74000000000001,19904.625,30/06/24 15:00:00,0.4300000000000104,15,30/06/24
23.30000000000001,19904.666666666668,30/06/24 16:00:00,0.5600000000000023,16,30/06/24
23.54000000000002,19904.708333333336,30/06/24 17:00:00,0.2400000000000091,17,30/06/24
23.58000000000004,19904.75,30/06/24 18:00:00,0.040000000000020464,18,30/06/24
23.27000000000004,19904.791666666668,30/06/24 19:00:00,-0.3100000000000023,19,30/06/24
22.970000000000027,19904.833333333336,30/06/24 20:00:00,-0.30000000000001137,20,30/06/24
22.81,19904.875,30/06/24 21:00:00,-0.16000000000002856,21,30/06/24
21.33000000000004,19904.916666666668,30/06/24 22:00:00,-1.4799999999999578,22,30/06/24
19.120000000000005,19904.958333333336,30/06/24 23:00:00,-2.2100000000000364,23,30/06/24
17.840000000000032,19905.0,01/07/24 00:00:00,-1.2799999999999727,00,01/07/24
16.350000000000023,19905.041666666668,01/07/24 01:00:00,-1.490000000000009,01,01/07/24
16.060000000000002,19905.083333333336,01/07/24 02:00:00,-0.29000000000002046,02,01/07/24
15.210000000000036,19905.125,01/07/24 03:00:00,-0.8499999999999659,03,01/07/24
14.370000000000005,19905.166666666668,01/07/24 04:00:00,-0.8400000000000318,04,01/07/24
13.740000000000007,19905.208333333336,01/07/24 05:00:00,-0.6299999999999972,05,01/07/24
12.860000000000014,19905.25,01/07/24 06:00:00,-0.8799999999999937,06,01/07/24
12.120000000000005,19905.291666666668,01/07/24 07:00:00,-0.7400000000000091,07,01/07/24
12.120000000000005,19905.333333333336,01/07/24 08:00:00,0.0,08,01/07/24
13.700000000000044,19905.375,01/07/24 09:00:00,1.5800000000000392,09,01/07/24
15.730000000000018,19905.416666666668,01/07/24 10:00:00,2.0299999999999745,10,01/07/24
18.40000000000004,19905.458333333336,01/07/24 11:00:00,2.670000000000023,11,01/07/24
20.430000000000007,19905.5,01/07/24 12:00:00,2.0299999999999656,12,01/07/24
21.510000000000048,19905.541666666668,01/07/24 13:00:00,1.080000000000041,13,01/07/24
22.950000000000045,19905.583333333336,01/07/24 14:00:00,1.4399999999999977,14,01/07/24
24.360000000000014,19905.625,01/07/24 15:00:00,1.4099999999999682,15,01/07/24
25.260000000000048,19905.666666666668,01/07/24 16:00:00,0.9000000000000341,16,01/07/24
25.52000000000004,19905.708333333336,01/07/24 17:00:00,0.2599999999999909,17,01/07/24
26.23000000000001,19905.75,01/07/24 18:00:00,0.7099999999999724,18,01/07/24
26.19,19905.791666666668,01/07/24 19:00:00,-0.040000000000009805,19,01/07/24
25.08000000000004,19905.833333333336,01/07/24 20:00:00,-1.1099999999999604,20,01/07/24
24.470000000000027,19905.875,01/07/24 21:00:00,-0.6100000000000136,21,01/07/24
23.44,19905.916666666668,01/07/24 22:00:00,-1.030000000000026,22,01/07/24
21.30000000000001,19905.958333333336,01/07/24 23:00:00,-2.13999999999999,23,01/07/24
19.670000000000016,19906.0,02/07/24 00:00:00,-1.6299999999999955,00,02/07/24
18.610000000000014,19906.041666666668,02/07/24 01:00:00,-1.0600000000000023,01,02/07/24
17.629999999999995,19906.083333333336,02/07/24 02:00:00,-0.9800000000000182,02,02/07/24
16.77000000000004,19906.125,02/07/24 03:00:00,-0.8599999999999568,03,02/07/24
16.24000000000001,19906.166666666668,02/07/24 04:00:00,-0.5300000000000296,04,02/07/24
15.310000000000002,19906.208333333336,02/07/24 05:00:00,-0.9300000000000068,05,02/07/24
14.480000000000018,19906.25,02/07/24 06:00:00,-0.8299999999999841,06,02/07/24
13.77000000000004,19906.291666666668,02/07/24 07:00:00,-0.7099999999999778,07,02/07/24
13.5,19906.333333333336,02/07/24 08:00:00,-0.27000000000004043,08,02/07/24
15.300000000000011,19906.375,02/07/24 09:00:00,1.8000000000000114,09,02/07/24
18.010000000000048,19906.416666666668,02/07/24 10:00:00,2.7100000000000364,10,02/07/24
19.99000000000001,19906.458333333336,02/07/24 11:00:00,1.9799999999999613,11,02/07/24
22.170000000000016,19906.5,02/07/24 12:00:00,2.180000000000007,12,02/07/24
24.850000000000023,19906.541666666668,02/07/24 13:00:00,2.680000000000007,13,02/07/24
24.98000000000001,19906.583333333336,02/07/24 14:00:00,0.12999999999998835,14,02/07/24
24.450000000000045,19906.625,02/07/24 15:00:00,-0.5299999999999656,15,02/07/24
25.25,19906.666666666668,02/07/24 16:00:00,0.7999999999999545,16,02/07/24
24.71000000000004,19906.708333333336,02/07/24 17:00:00,-0.5399999999999601,17,02/07/24
22.79000000000002,19906.75,02/07/24 18:00:00,-1.9200000000000195,18,02/07/24
19.29000000000002,19906.791666666668,02/07/24 19:00:00,-3.5,19,02/07/24
18.73000000000001,19906.833333333336,02/07/24 20:00:00,-0.5600000000000094,20,02/07/24
18.94,19906.875,02/07/24 21:00:00,0.2099999999999902,21,02/07/24
18.49000000000001,19906.916666666668,02/07/24 22:00:00,-0.4499999999999922,22,02/07/24
17.920000000000016,19906.958333333336,02/07/24 23:00:00,-0.5699999999999932,23,02/07/24
17.450000000000045,19907.0,03/07/24 00:00:00,-0.46999999999997044,00,03/07/24
17.32000000000005,19907.041666666668,03/07/24 01:00:00,-0.12999999999999545,01,03/07/24
16.870000000000005,19907.083333333336,03/07/24 02:00:00,-0.4500000000000455,02,03/07/24
16.99000000000001,19907.125,03/07/24 03:00:00,0.12000000000000455,03,03/07/24
16.670000000000016,19907.166666666668,03/07/24 04:00:00,-0.3199999999999932,04,03/07/24
16.55000000000001,19907.208333333336,03/07/24 05:00:00,-0.12000000000000455,05,03/07/24
16.470000000000027,19907.25,03/07/24 06:00:00,-0.07999999999998408,06,03/07/24
16.08000000000004,19907.291666666668,03/07/24 07:00:00,-0.38999999999998636,07,03/07/24
15.740000000000007,19907.333333333336,03/07/24 08:00:00,-0.3400000000000336,08,03/07/24
15.610000000000014,19907.375,03/07/24 09:00:00,-0.12999999999999368,09,03/07/24
15.860000000000014,19907.416666666668,03/07/24 10:00:00,0.25,10,03/07/24
16.480000000000018,19907.458333333336,03/07/24 11:00:00,0.6200000000000045,11,03/07/24
17.360000000000014,19907.5,03/07/24 12:00:00,0.8799999999999955,12,03/07/24
18.52000000000004,19907.541666666668,03/07/24 13:00:00,1.160000000000025,13,03/07/24
19.160000000000025,19907.583333333336,03/07/24 14:00:00,0.6399999999999864,14,03/07/24
18.950000000000045,19907.625,03/07/24 15:00:00,-0.20999999999997954,15,03/07/24
19.21000000000004,19907.666666666668,03/07/24 16:00:00,0.25999999999999446,16,03/07/24
20.720000000000027,19907.708333333336,03/07/24 17:00:00,1.5099999999999874,17,03/07/24
21.57000000000005,19907.75,03/07/24 18:00:00,0.8500000000000227,18,03/07/24
22.370000000000005,19907.791666666668,03/07/24 19:00:00,0.7999999999999545,19,03/07/24
22.15000000000004,19907.833333333336,03/07/24 20:00:00,-0.21999999999996334,20,03/07/24
21.90000000000004,19907.875,03/07/24 21:00:00,-0.25,21,03/07/24
20.94,19907.916666666668,03/07/24 22:00:00,-0.9600000000000399,22,03/07/24
18.69,19907.958333333336,03/07/24 23:00:00,-2.25,23,03/07/24
17.980000000000018,19908.0,04/07/24 00:00:00,-0.7099999999999831,00,04/07/24
17.80000000000001,19908.041666666668,04/07/24 01:00:00,-0.18000000000000682,01,04/07/24
16.950000000000045,19908.083333333336,04/07/24 02:00:00,-0.8499999999999659,02,04/07/24
16.77000000000004,19908.125,04/07/24 03:00:00,-0.18000000000000682,03,04/07/24
16.700000000000045,19908.166666666668,04/07/24 04:00:00,-0.06999999999999318,04,04/07/24
16.57000000000005,19908.208333333336,04/07/24 05:00:00,-0.12999999999999545,05,04/07/24
16.460000000000036,19908.25,04/07/24 06:00:00,-0.11000000000001364,06,04/07/24
15.980000000000018,19908.291666666668,04/07/24 07:00:00,-0.4800000000000182,07,04/07/24
15.930000000000009,19908.333333333336,04/07/24 08:00:00,-0.05000000000000959,08,04/07/24
16.090000000000032,19908.375,04/07/24 09:00:00,0.16000000000002323,09,04/07/24
15.640000000000043,19908.416666666668,04/07/24 10:00:00,-0.44999999999998863,10,04/07/24
14.550000000000011,19908.458333333336,04/07/24 11:00:00,-1.0900000000000318,11,04/07/24
13.840000000000032,19908.5,04/07/24 12:00:00,-0.7099999999999795,12,04/07/24
13.490000000000007,19908.541666666668,04/07/24 13:00:00,-0.3500000000000245,13,04/07/24
13.629999999999995,19908.583333333336,04/07/24 14:00:00,0.13999999999998813,14,04/07/24
14.27000000000004,19908.625,04/07/24 15:00:00,0.640000000000045,15,04/07/24
14.600000000000025,19908.666666666668,04/07/24 16:00:00,0.3299999999999841,16,04/07/24
14.610000000000014,19908.708333333336,04/07/24 17:00:00,0.009999999999989129,17,04/07/24
15.129999999999995,19908.75,04/07/24 18:00:00,0.5199999999999818,18,04/07/24
15.08000000000004,19908.791666666668,04/07/24 19:00:00,-0.0499999999999563,19,04/07/24
15.0,19908.833333333336,04/07/24 20:00:00,-0.08000000000003915,20,04/07/24
14.420000000000016,19908.875,04/07/24 21:00:00,-0.5799999999999841,21,04/07/24
14.129999999999995,19908.916666666668,04/07/24 22:00:00,-0.29000000000002046,22,04/07/24
14.03000000000003,19908.958333333336,04/07/24 23:00:00,-0.0999999999999659,23,04/07/24
13.53000000000003,19909.0,05/07/24 00:00:00,-0.5,00,05/07/24
13.29000000000002,19909.041666666668,05/07/24 01:00:00,-0.2400000000000091,01,05/07/24
13.230000000000018,19909.083333333336,05/07/24 02:00:00,-0.060000000000002274,02,05/07/24
13.150000000000034,19909.125,05/07/24 03:00:00,-0.07999999999998408,03,05/07/24
13.090000000000032,19909.166666666668,05/07/24 04:00:00,-0.060000000000002274,04,05/07/24
12.970000000000027,19909.208333333336,05/07/24 05:00:00,-0.12000000000000455,05,05/07/24
13.060000000000002,19909.25,05/07/24 06:00:00,0.08999999999997499,06,05/07/24
12.78000000000003,19909.291666666668,05/07/24 07:00:00,-0.2799999999999727,07,05/07/24
12.550000000000011,19909.333333333336,05/07/24 08:00:00,-0.2300000000000182,08,05/07/24
12.550000000000011,19909.375,05/07/24 09:00:00,0.0,09,05/07/24
13.090000000000032,19909.416666666668,05/07/24 10:00:00,0.5400000000000205,10,05/07/24
14.740000000000007,19909.458333333336,05/07/24 11:00:00,1.6499999999999755,11,05/07/24
16.310000000000002,19909.5,05/07/24 12:00:00,1.569999999999995,12,05/07/24
17.480000000000018,19909.541666666668,05/07/24 13:00:00,1.170000000000016,13,05/07/24
18.02000000000004,19909.583333333336,05/07/24 14:00:00,0.5400000000000205,14,05/07/24
18.27000000000004,19909.625,05/07/24 15:00:00,0.25,15,05/07/24
19.360000000000014,19909.666666666668,05/07/24 16:00:00,1.089999999999975,16,05/07/24
20.0,19909.708333333336,05/07/24 17:00:00,0.6399999999999864,17,05/07/24
20.160000000000025,19909.75,05/07/24 18:00:00,0.160000000000025,18,05/07/24
21.160000000000025,19909.791666666668,05/07/24 19:00:00,1.0,19,05/07/24
19.71000000000004,19909.833333333336,05/07/24 20:00:00,-1.449999999999985,20,05/07/24
18.90000000000004,19909.875,05/07/24 21:00:00,-0.8099999999999987,21,05/07/24
16.310000000000002,19909.916666666668,05/07/24 22:00:00,-2.590000000000039,22,05/07/24
15.650000000000034,19909.958333333336,05/07/24 23:00:00,-0.6599999999999682,23,05/07/24
15.129999999999995,19910.0,06/07/24 00:00:00,-0.5200000000000387,00,06/07/24
14.390000000000043,19910.041666666668,06/07/24 01:00:00,-0.7399999999999523,01,06/07/24
14.02000000000004,19910.083333333336,06/07/24 02:00:00,-0.37000000000000277,02,06/07/24
13.670000000000016,19910.125,06/07/24 03:00:00,-0.3500000000000245,03,06/07/24
13.510000000000048,19910.166666666668,06/07/24 04:00:00,-0.15999999999996817,04,06/07/24
13.170000000000016,19910.208333333336,06/07/24 05:00:00,-0.34000000000003183,05,06/07/24
12.840000000000032,19910.25,06/07/24 06:00:00,-0.3299999999999841,06,06/07/24
12.710000000000036,19910.291666666668,06/07/24 07:00:00,-0.12999999999999545,07,06/07/24
12.560000000000002,19910.333333333336,06/07/24 08:00:00,-0.1500000000000341,08,06/07/24
12.710000000000036,19910.375,06/07/24 09:00:00,0.1500000000000341,09,06/07/24
13.08000000000004,19910.416666666668,06/07/24 10:00:00,0.37000000000000277,10,06/07/24
14.120000000000005,19910.458333333336,06/07/24 11:00:00,1.0399999999999654,11,06/07/24
15.220000000000027,19910.5,06/07/24 12:00:00,1.1000000000000227,12,06/07/24
16.200000000000045,19910.541666666668,06/07/24 13:00:00,0.9800000000000182,13,06/07/24
16.980000000000018,19910.583333333336,06/07/24 14:00:00,0.7799999999999727,14,06/07/24
17.590000000000032,19910.625,06/07/24 15:00:00,0.6100000000000136,15,06/07/24
18.700000000000045,19910.666666666668,06/07/24 16:00:00,1.1100000000000136,16,06/07/24
19.090000000000032,19910.708333333336,06/07/24 17:00:00,0.38999999999998636,17,06/07/24
19.680000000000007,19910.75,06/07/24 18:00:00,0.589999999999975,18,06/07/24
19.77000000000004,19910.791666666668,06/07/24 19:00:00,0.09000000000003183,19,06/07/24
19.379999999999995,19910.833333333336,06/07/24 20:00:00,-0.3900000000000432,20,06/07/24
18.840000000000032,19910.875,06/07/24 21:00:00,-0.5399999999999636,21,06/07/24
18.40000000000004,19910.916666666668,06/07/24 22:00:00,-0.4399999999999906,22,06/07/24
15.420000000000016,19910.958333333336,06/07/24 23:00:00,-2.9800000000000253,23,06/07/24
15.150000000000034,19911.0,07/07/24 00:00:00,-0.2699999999999818,00,07/07/24
14.100000000000025,19911.041666666668,07/07/24 01:00:00,-1.0500000000000096,01,07/07/24
13.120000000000005,19911.083333333336,07/07/24 02:00:00,-0.98000000000002,02,07/07/24
12.79000000000002,19911.125,07/07/24 03:00:00,-0.3299999999999841,03,07/07/24
12.02000000000004,19911.166666666668,07/07/24 04:00:00,-0.76999999999998,04,07/07/24
11.29000000000002,19911.208333333336,07/07/24 05:00:00,-0.73000000000002,05,07/07/24
10.900000000000034,19911.25,07/07/24 06:00:00,-0.38999999999998636,06,07/07/24
10.700000000000044,19911.291666666668,07/07/24 07:00:00,-0.1999999999999904,07,07/07/24
10.680000000000009,19911.333333333336,07/07/24 08:00:00,-0.0200000000000351,08,07/07/24
11.410000000000023,19911.375,07/07/24 09:00:00,0.7300000000000146,09,07/07/24
12.710000000000036,19911.416666666668,07/07/24 10:00:00,1.3000000000000131,10,07/07/24
14.32000000000005,19911.458333333336,07/07/24 11:00:00,1.6100000000000136,11,07/07/24
16.08000000000004,19911.5,07/07/24 12:00:00,1.759999999999991,12,07/07/24
17.410000000000025,19911.541666666668,07/07/24 13:00:00,1.329999999999984,13,07/07/24
18.0,19911.583333333336,07/07/24 14:00:00,0.589999999999975,14,07/07/24
18.90000000000004,19911.625,07/07/24 15:00:00,0.9000000000000412,15,07/07/24
19.69,19911.666666666668,07/07/24 16:00:00,0.7899999999999601,16,07/07/24
20.25,19911.708333333336,07/07/24 17:00:00,0.5599999999999987,17,07/07/24
19.99000000000001,19911.75,07/07/24 18:00:00,-0.2599999999999909,18,07/07/24
20.170000000000016,19911.791666666668,07/07/24 19:00:00,0.18000000000000682,19,07/07/24
19.600000000000023,19911.833333333336,07/07/24 20:00:00,-0.5699999999999932,20,07/07/24
18.370000000000005,19911.875,07/07/24 21:00:00,-1.2300000000000182,21,07/07/24
17.470000000000027,19911.916666666668,07/07/24 22:00:00,-0.8999999999999773,22,07/07/24
16.379999999999995,19911.958333333336,07/07/24 23:00:00,-1.0900000000000318,23,07/07/24
15.470000000000027,19912.0,08/07/24 00:00:00,-0.9099999999999682,00,08/07/24
14.920000000000016,19912.041666666668,08/07/24 01:00:00,-0.5500000000000114,01,08/07/24
14.04000000000002,19912.083333333336,08/07/24 02:00:00,-0.8799999999999955,02,08/07/24
13.660000000000023,19912.125,08/07/24 03:00:00,-0.37999999999999723,03,08/07/24
12.939999999999998,19912.166666666668,08/07/24 04:00:00,-0.7200000000000255,04,08/07/24
12.689999999999998,19912.208333333336,08/07/24 05:00:00,-0.25,05,08/07/24
11.980000000000018,19912.25,08/07/24 06:00:00,-0.7099999999999795,06,08/07/24
11.83000000000004,19912.291666666668,08/07/24 07:00:00,-0.14999999999997904,07,08/07/24
11.730000000000018,19912.333333333336,08/07/24 08:00:00,-0.10000000000002096,08,08/07/24
13.010000000000048,19912.375,08/07/24 09:00:00,1.2800000000000296,09,08/07/24
14.810000000000002,19912.416666666668,08/07/24 10:00:00,1.7999999999999545,10,08/07/24
16.49000000000001,19912.458333333336,08/07/24 11:00:00,1.6800000000000068,11,08/07/24
18.100000000000023,19912.5,08/07/24 12:00:00,1.6100000000000136,12,08/07/24
19.350000000000023,19912.541666666668,08/07/24 13:00:00,1.25,13,08/07/24
19.57000000000005,19912.583333333336,08/07/24 14:00:00,0.22000000000002728,14,08/07/24
20.430000000000007,19912.625,08/07/24 15:00:00,0.8599999999999568,15,08/07/24
20.890000000000043,19912.666666666668,08/07/24 16:00:00,0.4600000000000364,16,08/07/24
20.700000000000045,19912.708333333336,08/07/24 17:00:00,-0.18999999999999773,17,08/07/24
20.110000000000014,19912.75,08/07/24 18:00:00,-0.5900000000000318,18,08/07/24
18.58000000000004,19912.791666666668,08/07/24 19:00:00,-1.5299999999999727,19,08/07/24
18.0,19912.833333333336,08/07/24 20:00:00,-0.5800000000000409,20,08/07/24
17.03000000000003,19912.875,08/07/24 21:00:00,-0.9699999999999704,21,08/07/24
15.550000000000011,19912.916666666668,08/07/24 22:00:00,-1.4800000000000182,22,08/07/24
15.610000000000014,19912.958333333336,08/07/24 23:00:00,0.060000000000002274,23,08/07/24
14.760000000000048,19913.0,09/07/24 00:00:00,-0.8499999999999659,00,09/07/24
14.620000000000005,19913.041666666668,09/07/24 01:00:00,-0.1400000000000432,01,09/07/24
14.200000000000044,19913.083333333336,09/07/24 02:00:00,-0.41999999999996085,02,09/07/24
13.890000000000043,19913.125,09/07/24 03:00:00,-0.3100000000000005,03,09/07/24
13.950000000000044,19913.166666666668,09/07/24 04:00:00,0.0600000000000005,04,09/07/24
13.27000000000004,19913.208333333336,09/07/24 05:00:00,-0.6800000000000033,05,09/07/24
13.340000000000032,19913.25,09/07/24 06:00:00,0.0699999999999914,06,09/07/24
13.33000000000004,19913.291666666668,09/07/24 07:00:00,-0.009999999999992681,07,09/07/24
13.390000000000043,19913.333333333336,09/07/24 08:00:00,0.06000000000000405,08,09/07/24
13.660000000000023,19913.375,09/07/24 09:00:00,0.26999999999998003,09,09/07/24
14.29000000000002,19913.416666666668,09/07/24 10:00:00,0.6299999999999972,10,09/07/24
14.870000000000005,19913.458333333336,09/07/24 11:00:00,0.5799999999999841,11,09/07/24
15.939999999999998,19913.5,09/07/24 12:00:00,1.0699999999999932,12,09/07/24
16.510000000000048,19913.541666666668,09/07/24 13:00:00,0.57000000000005,13,09/07/24
17.360000000000014,19913.583333333336,09/07/24 14:00:00,0.8499999999999659,14,09/07/24
17.939999999999998,19913.625,09/07/24 15:00:00,0.5799999999999841,15,09/07/24
19.370000000000005,19913.666666666668,09/07/24 16:00:00,1.4300000000000068,16,09/07/24
19.32000000000005,19913.708333333336,09/07/24 17:00:00,-0.049999999999954525,17,09/07/24
20.07000000000005,19913.75,09/07/24 18:00:00,0.75,18,09/07/24
20.69,19913.791666666668,09/07/24 19:00:00,0.6199999999999513,19,09/07/24
20.56,19913.833333333336,09/07/24 20:00:00,-0.13000000000000256,20,09/07/24
20.0,19913.875,09/07/24 21:00:00,-0.5599999999999987,21,09/07/24
18.78000000000003,19913.916666666668,09/07/24 22:00:00,-1.2199999999999704,22,09/07/24
17.52000000000004,19913.958333333336,09/07/24 23:00:00,-1.259999999999991,23,09/07/24
16.100000000000023,19914.0,10/07/24 00:00:00,-1.420000000000016,00,10/07/24
15.54000000000002,19914.041666666668,10/07/24 01:00:00,-0.5600000000000023,01,10/07/24
14.470000000000027,19914.083333333336,10/07/24 02:00:00,-1.0699999999999932,02,10/07/24
13.28000000000003,19914.125,10/07/24 03:00:00,-1.1899999999999977,03,10/07/24
12.860000000000014,19914.166666666668,10/07/24 04:00:00,-0.4200000000000159,04,10/07/24
12.260000000000048,19914.208333333336,10/07/24 05:00:00,-0.5999999999999659,05,10/07/24
12.02000000000004,19914.25,10/07/24 06:00:00,-0.24000000000000732,06,10/07/24
11.560000000000002,19914.291666666668,10/07/24 07:00:00,-0.46000000000003816,07,10/07/24
11.410000000000023,19914.333333333336,10/07/24 08:00:00,-0.14999999999997904,08,10/07/24
12.629999999999995,19914.375,10/07/24 09:00:00,1.2199999999999722,09,10/07/24
14.54000000000002,19914.416666666668,10/07/24 10:00:00,1.910000000000025,10,10/07/24
17.0,19914.458333333336,10/07/24 11:00:00,2.4599999999999795,11,10/07/24
18.46000000000004,19914.5,10/07/24 12:00:00,1.46000000000004,12,10/07/24
19.80000000000001,19914.541666666668,10/07/24 13:00:00,1.3399999999999714,13,10/07/24
20.77000000000004,19914.583333333336,10/07/24 14:00:00,0.9700000000000273,14,10/07/24
21.610000000000014,19914.625,10/07/24 15:00:00,0.839999999999975,15,10/07/24
21.90000000000004,19914.666666666668,10/07/24 16:00:00,0.29000000000002757,16,10/07/24
21.260000000000048,19914.708333333336,10/07/24 17:00:00,-0.6399999999999935,17,10/07/24
20.170000000000016,19914.75,10/07/24 18:00:00,-1.0900000000000318,18,10/07/24
18.82000000000005,19914.791666666668,10/07/24 19:00:00,-1.349999999999966,19,10/07/24
16.220000000000027,19914.833333333336,10/07/24 20:00:00,-2.6000000000000227,20,10/07/24
15.879999999999995,19914.875,10/07/24 21:00:00,-0.34000000000003183,21,10/07/24
15.939999999999998,19914.916666666668,10/07/24 22:00:00,0.060000000000002274,22,10/07/24
15.550000000000011,19914.958333333336,10/07/24 23:00:00,-0.38999999999998636,23,10/07/24
15.110000000000014,19915.0,11/07/24 00:00:00,-0.4399999999999977,00,11/07/24
15.02000000000004,19915.041666666668,11/07/24 01:00:00,-0.08999999999997321,01,11/07/24
14.910000000000023,19915.083333333336,11/07/24 02:00:00,-0.1100000000000172,02,11/07/24
14.910000000000023,19915.125,11/07/24 03:00:00,0.0,03,11/07/24
14.480000000000018,19915.166666666668,11/07/24 04:00:00,-0.43000000000000504,04,11/07/24
14.060000000000002,19915.208333333336,11/07/24 05:00:00,-0.4200000000000159,05,11/07/24
13.860000000000014,19915.25,11/07/24 06:00:00,-0.19999999999998863,06,11/07/24
13.460000000000036,19915.291666666668,11/07/24 07:00:00,-0.39999999999997726,07,11/07/24
12.700000000000044,19915.333333333336,11/07/24 08:00:00,-0.7599999999999927,08,11/07/24
13.200000000000044,19915.375,11/07/24 09:00:00,0.5,09,11/07/24
13.629999999999995,19915.416666666668,11/07/24 10:00:00,0.42999999999995175,10,11/07/24
14.379999999999995,19915.458333333336,11/07/24 11:00:00,0.75,11,11/07/24
15.230000000000018,19915.5,11/07/24 12:00:00,0.8500000000000227,12,11/07/24
17.100000000000023,19915.541666666668,11/07/24 13:00:00,1.8700000000000045,13,11/07/24
18.80000000000001,19915.583333333336,11/07/24 14:00:00,1.6999999999999886,14,11/07/24
19.99000000000001,19915.625,11/07/24 15:00:00,1.1899999999999977,15,11/07/24
19.720000000000027,19915.666666666668,11/07/24 16:00:00,-0.2699999999999818,16,11/07/24
19.470000000000027,19915.708333333336,11/07/24 17:00:00,-0.25,17,11/07/24
19.29000000000002,19915.75,11/07/24 18:00:00,-0.18000000000000682,18,11/07/24
18.99000000000001,19915.791666666668,11/07/24 19:00:00,-0.30000000000001137,19,11/07/24
17.08000000000004,19915.833333333336,11/07/24 20:00:00,-1.9099999999999682,20,11/07/24
16.74000000000001,19915.875,11/07/24 21:00:00,-0.34000000000003183,21,11/07/24
15.960000000000036,19915.916666666668,11/07/24 22:00:00,-0.7799999999999727,22,11/07/24
15.140000000000043,19915.958333333336,11/07/24 23:00:00,-0.8199999999999932,23,11/07/24
14.920000000000016,19916.0,12/07/24 00:00:00,-0.22000000000002728,00,12/07/24
14.480000000000018,19916.041666666668,12/07/24 01:00:00,-0.4399999999999977,01,12/07/24
13.970000000000027,19916.083333333336,12/07/24 02:00:00,-0.5099999999999909,02,12/07/24
13.879999999999995,19916.125,12/07/24 03:00:00,-0.09000000000003183,03,12/07/24
13.77000000000004,19916.166666666668,12/07/24 04:00:00,-0.10999999999995502,04,12/07/24
13.58000000000004,19916.208333333336,12/07/24 05:00:00,-0.19000000000000128,05,12/07/24
13.189999999999998,19916.25,12/07/24 06:00:00,-0.3900000000000414,06,12/07/24
13.350000000000025,19916.291666666668,12/07/24 07:00:00,0.1600000000000268,07,12/07/24
13.310000000000002,19916.333333333336,12/07/24 08:00:00,-0.04000000000002224,08,12/07/24
13.879999999999995,19916.375,12/07/24 09:00:00,0.5699999999999932,09,12/07/24
14.120000000000005,19916.416666666668,12/07/24 10:00:00,0.2400000000000091,10,12/07/24
15.170000000000016,19916.458333333336,12/07/24 11:00:00,1.0500000000000114,11,12/07/24
15.689999999999998,19916.5,12/07/24 12:00:00,0.5199999999999818,12,12/07/24
16.58000000000004,19916.541666666668,12/07/24 13:00:00,0.8900000000000432,13,12/07/24
18.21000000000004,19916.583333333336,12/07/24 14:00:00,1.629999999999999,14,12/07/24
18.46000000000004,19916.625,12/07/24 15:00:00,0.25,15,12/07/24
18.65000000000004,19916.666666666668,12/07/24 16:00:00,0.19000000000000128,16,12/07/24
16.78000000000003,19916.708333333336,12/07/24 17:00:00,-1.8700000000000117,17,12/07/24
18.58000000000004,19916.75,12/07/24 18:00:00,1.8000000000000114,18,12/07/24
19.29000000000002,19916.791666666668,12/07/24 19:00:00,0.7099999999999795,19,12/07/24
19.08000000000004,19916.833333333336,12/07/24 20:00:00,-0.20999999999997954,20,12/07/24
16.80000000000001,19916.875,12/07/24 21:00:00,-2.2800000000000296,21,12/07/24
16.629999999999995,19916.916666666668,12/07/24 22:00:00,-0.17000000000001592,22,12/07/24
15.29000000000002,19916.958333333336,12/07/24 23:00:00,-1.339999999999975,23,12/07/24
14.100000000000025,19917.0,13/07/24 00:00:00,-1.189999999999996,00,13/07/24
12.960000000000036,19917.041666666668,13/07/24 01:00:00,-1.1399999999999881,01,13/07/24
12.58000000000004,19917.083333333336,13/07/24 02:00:00,-0.37999999999999723,02,13/07/24
12.060000000000002,19917.125,13/07/24 03:00:00,-0.5200000000000369,03,13/07/24
12.460000000000036,19917.166666666668,13/07/24 04:00:00,0.4000000000000341,04,13/07/24
12.75,19917.208333333336,13/07/24 05:00:00,0.2899999999999636,05,13/07/24
12.439999999999998,19917.25,13/07/24 06:00:00,-0.3100000000000023,06,13/07/24
12.390000000000043,19917.291666666668,13/07/24 07:00:00,-0.049999999999954525,07,13/07/24
12.480000000000018,19917.333333333336,13/07/24 08:00:00,0.08999999999997499,08,13/07/24
12.980000000000018,19917.375,13/07/24 09:00:00,0.5,09,13/07/24
13.5,19917.416666666668,13/07/24 10:00:00,0.5199999999999818,10,13/07/24
14.550000000000011,19917.458333333336,13/07/24 11:00:00,1.0500000000000114,11,13/07/24
15.77000000000004,19917.5,13/07/24 12:00:00,1.220000000000029,12,13/07/24
17.150000000000034,19917.541666666668,13/07/24 13:00:00,1.3799999999999937,13,13/07/24
18.129999999999995,19917.583333333336,13/07/24 14:00:00,0.9799999999999613,14,13/07/24
18.910000000000025,19917.625,13/07/24 15:00:00,0.7800000000000296,15,13/07/24
19.700000000000045,19917.666666666668,13/07/24 16:00:00,0.7900000000000205,16,13/07/24
19.73000000000001,19917.708333333336,13/07/24 17:00:00,0.02999999999996561,17,13/07/24
18.94,19917.75,13/07/24 18:00:00,-0.7900000000000098,18,13/07/24
17.420000000000016,19917.791666666668,13/07/24 19:00:00,-1.5199999999999854,19,13/07/24
16.930000000000007,19917.833333333336,13/07/24 20:00:00,-0.4900000000000091,20,13/07/24
16.850000000000023,19917.875,13/07/24 21:00:00,-0.07999999999998408,21,13/07/24
16.32000000000005,19917.916666666668,13/07/24 22:00:00,-0.5299999999999727,22,13/07/24
15.610000000000014,19917.958333333336,13/07/24 23:00:00,-0.7100000000000364,23,13/07/24
14.83000000000004,19918.0,14/07/24 00:00:00,-0.7799999999999745,00,14/07/24
14.720000000000027,19918.041666666668,14/07/24 01:00:00,-0.11000000000001187,01,14/07/24
14.260000000000048,19918.083333333336,14/07/24 02:00:00,-0.45999999999997954,02,14/07/24
13.740000000000007,19918.125,14/07/24 03:00:00,-0.5200000000000404,03,14/07/24
13.010000000000048,19918.166666666668,14/07/24 04:00:00,-0.7299999999999596,04,14/07/24
12.140000000000043,19918.208333333336,14/07/24 05:00:00,-0.8700000000000045,05,14/07/24
11.900000000000034,19918.25,14/07/24 06:00:00,-0.2400000000000091,06,14/07/24
11.970000000000027,19918.291666666668,14/07/24 07:00:00,0.06999999999999318,07,14/07/24
12.220000000000027,19918.333333333336,14/07/24 08:00:00,0.25,08,14/07/24
12.860000000000014,19918.375,14/07/24 09:00:00,0.6399999999999864,09,14/07/24
13.390000000000043,19918.416666666668,14/07/24 10:00:00,0.5300000000000296,10,14/07/24
14.939999999999998,19918.458333333336,14/07/24 11:00:00,1.5499999999999545,11,14/07/24
15.79000000000002,19918.5,14/07/24 12:00:00,0.8500000000000227,12,14/07/24
16.900000000000034,19918.541666666668,14/07/24 13:00:00,1.1100000000000136,13,14/07/24
17.970000000000027,19918.583333333336,14/07/24 14:00:00,1.0699999999999932,14,14/07/24
19.07000000000005,19918.625,14/07/24 15:00:00,1.1000000000000227,15,14/07/24
19.08000000000004,19918.666666666668,14/07/24 16:00:00,0.009999999999990905,16,14/07/24
19.470000000000027,19918.708333333336,14/07/24 17:00:00,0.38999999999998636,17,14/07/24
19.220000000000027,19918.75,14/07/24 18:00:00,-0.25,18,14/07/24
19.05000000000001,19918.791666666668,14/07/24 19:00:00,-0.17000000000001592,19,14/07/24
18.340000000000032,19918.833333333336,14/07/24 20:00:00,-0.7099999999999795,20,14/07/24
17.720000000000027,19918.875,14/07/24 21:00:00,-0.6200000000000045,21,14/07/24
16.230000000000018,19918.916666666668,14/07/24 22:00:00,-1.490000000000009,22,14/07/24
14.82000000000005,19918.958333333336,14/07/24 23:00:00,-1.4099999999999682,23,14/07/24
14.129999999999995,19919.0,15/07/24 00:00:00,-0.6900000000000546,00,15/07/24
13.430000000000009,19919.041666666668,15/07/24 01:00:00,-0.6999999999999869,01,15/07/24
12.689999999999998,19919.083333333336,15/07/24 02:00:00,-0.7400000000000109,02,15/07/24
12.220000000000027,19919.125,15/07/24 03:00:00,-0.46999999999997044,03,15/07/24
11.82000000000005,19919.166666666668,15/07/24 04:00:00,-0.39999999999997726,04,15/07/24
11.100000000000025,19919.208333333336,15/07/24 05:00:00,-0.7200000000000255,05,15/07/24
10.79000000000002,19919.25,15/07/24 06:00:00,-0.31000000000000405,06,15/07/24
10.170000000000016,19919.291666666668,15/07/24 07:00:00,-0.6200000000000045,07,15/07/24
10.150000000000034,19919.333333333336,15/07/24 08:00:00,-0.01999999999998181,08,15/07/24
11.490000000000007,19919.375,15/07/24 09:00:00,1.3399999999999732,09,15/07/24
13.680000000000009,19919.416666666668,15/07/24 10:00:00,2.1900000000000013,10,15/07/24
14.970000000000027,19919.458333333336,15/07/24 11:00:00,1.2900000000000187,11,15/07/24
16.870000000000005,19919.5,15/07/24 12:00:00,1.8999999999999773,12,15/07/24
17.810000000000002,19919.541666666668,15/07/24 13:00:00,0.9399999999999977,13,15/07/24
19.0,19919.583333333336,15/07/24 14:00:00,1.1899999999999977,14,15/07/24
20.180000000000007,19919.625,15/07/24 15:00:00,1.1800000000000068,15,15/07/24
20.77000000000004,19919.666666666668,15/07/24 16:00:00,0.5900000000000318,16,15/07/24
21.450000000000045,19919.708333333336,15/07/24 17:00:00,0.6800000000000068,17,15/07/24
22.06,19919.75,15/07/24 18:00:00,0.6099999999999532,18,15/07/24
21.840000000000032,19919.791666666668,15/07/24 19:00:00,-0.2199999999999669,19,15/07/24
21.58000000000004,19919.833333333336,15/07/24 20:00:00,-0.2599999999999909,20,15/07/24
20.870000000000005,19919.875,15/07/24 21:00:00,-0.7100000000000364,21,15/07/24
19.74000000000001,19919.916666666668,15/07/24 22:00:00,-1.1299999999999955,22,15/07/24
18.680000000000007,19919.958333333336,15/07/24 23:00:00,-1.0600000000000023,23,15/07/24
17.939999999999998,19920.0,16/07/24 00:00:00,-0.7400000000000091,00,16/07/24
17.370000000000005,19920.041666666668,16/07/24 01:00:00,-0.5699999999999932,01,16/07/24
16.370000000000005,19920.083333333336,16/07/24 02:00:00,-1.0,02,16/07/24
16.52000000000004,19920.125,16/07/24 03:00:00,0.1500000000000341,03,16/07/24
16.470000000000027,19920.166666666668,16/07/24 04:00:00,-0.05000000000001137,04,16/07/24
16.110000000000014,19920.208333333336,16/07/24 05:00:00,-0.36000000000001364,05,16/07/24
16.0,19920.25,16/07/24 06:00:00,-0.11000000000001364,06,16/07/24
15.689999999999998,19920.291666666668,16/07/24 07:00:00,-0.3100000000000023,07,16/07/24
15.670000000000016,19920.333333333336,16/07/24 08:00:00,-0.01999999999998181,08,16/07/24
15.930000000000009,19920.375,16/07/24 09:00:00,0.2599999999999927,09,16/07/24
16.910000000000025,19920.416666666668,16/07/24 10:00:00,0.9800000000000164,10,16/07/24
17.810000000000002,19920.458333333336,16/07/24 11:00:00,0.8999999999999773,11,16/07/24
19.0,19920.5,16/07/24 12:00:00,1.1899999999999977,12,16/07/24
20.180000000000007,19920.541666666668,16/07/24 13:00:00,1.1800000000000068,13,16/07/24
20.77000000000004,19920.583333333336,16/07/24 14:00:00,0.5900000000000318,14,16/07/24
21.450000000000045,19920.625,16/07/24 15:00:00,0.6800000000000068,15,16/07/24
22.06,19920.666666666668,16/07/24 16:00:00,0.6099999999999532,16,16/07/24
21.840000000000032,19920.708333333336,16/07/24 17:00:00,-0.2199999999999669,17,16/07/24
21.58000000000004,19920.75,16/07/24 18:00:00,-0.2599999999999909,18,16/07/24
20.870000000000005,19920.791666666668,16/07/24 19:00:00,-0.7100000000000364,19,16/07/24
20.8,19920.833333333336,16/07/24 20:00:00,-0.07000000000000384,20,16/07/24
20.7,19920.875,16/07/24 21:00:00,-0.10000000000000142,21,16/07/24
19.71000000000004,19920.916666666668,16/07/24 22:00:00,-0.9899999999999594,22,16/07/24
18.49000000000001,19920.958333333336,16/07/24 23:00:00,-1.2200000000000308,23,16/07/24
17.420000000000016,19921.0,17/07/24 00:00:00,-1.0699999999999932,00,17/07/24
15.910000000000023,19921.041666666668,17/07/24 01:00:00,-1.5099999999999927,01,17/07/24
15.230000000000018,19921.083333333336,17/07/24 02:00:00,-0.680000000000005,02,17/07/24
14.460000000000036,19921.125,17/07/24 03:00:00,-0.7699999999999818,03,17/07/24
13.590000000000032,19921.166666666668,17/07/24 04:00:00,-0.8700000000000045,04,17/07/24
13.850000000000025,19921.208333333336,17/07/24 05:00:00,0.2599999999999927,05,17/07/24
13.79000000000002,19921.25,17/07/24 06:00:00,-0.06000000000000405,06,17/07/24
13.870000000000005,19921.291666666668,17/07/24 07:00:00,0.07999999999998408,07,17/07/24
13.230000000000018,19921.333333333336,17/07/24 08:00:00,-0.6399999999999864,08,17/07/24
13.110000000000014,19921.375,17/07/24 09:00:00,-0.12000000000000455,09,17/07/24
13.460000000000036,19921.416666666668,17/07/24 10:00:00,0.35000000000002274,10,17/07/24
14.57000000000005,19921.458333333336,17/07/24 11:00:00,1.1100000000000136,11,17/07/24
14.850000000000025,19921.5,17/07/24 12:00:00,0.2799999999999745,12,17/07/24
16.04000000000002,19921.541666666668,17/07/24 13:00:00,1.189999999999996,13,17/07/24
16.640000000000043,19921.583333333336,17/07/24 14:00:00,0.6000000000000227,14,17/07/24
16.450000000000045,19921.625,17/07/24 15:00:00,-0.18999999999999773,15,17/07/24
16.110000000000014,19921.666666666668,17/07/24 16:00:00,-0.34000000000003183,16,17/07/24
16.439999999999998,19921.708333333336,17/07/24 17:00:00,0.3299999999999841,17,17/07/24
15.590000000000032,19921.75,17/07/24 18:00:00,-0.8499999999999659,18,17/07/24
14.970000000000027,19921.791666666668,17/07/24 19:00:00,-0.6200000000000045,19,17/07/24
16.77000000000004,19921.833333333336,17/07/24 20:00:00,1.8000000000000114,20,17/07/24
16.230000000000018,19921.875,17/07/24 21:00:00,-0.5400000000000205,21,17/07/24
15.220000000000027,19921.916666666668,17/07/24 22:00:00,-1.009999999999991,22,17/07/24
14.490000000000007,19921.958333333336,17/07/24 23:00:00,-0.73000000000002,23,17/07/24
13.430000000000009,19922.0,18/07/24 00:00:00,-1.0599999999999987,00,18/07/24
12.150000000000034,19922.041666666668,18/07/24 01:00:00,-1.2799999999999745,01,18/07/24
11.470000000000027,19922.083333333336,18/07/24 02:00:00,-0.6800000000000068,02,18/07/24
10.720000000000027,19922.125,18/07/24 03:00:00,-0.75,03,18/07/24
10.5,19922.166666666668,18/07/24 04:00:00,-0.22000000000002728,04,18/07/24
10.360000000000014,19922.208333333336,18/07/24 05:00:00,-0.13999999999998636,05,18/07/24
10.120000000000005,19922.25,18/07/24 06:00:00,-0.2400000000000091,06,18/07/24
9.57000000000005,19922.291666666668,18/07/24 07:00:00,-0.5499999999999545,07,18/07/24
9.660000000000023,19922.333333333336,18/07/24 08:00:00,0.08999999999997321,08,18/07/24
10.100000000000025,19922.375,18/07/24 09:00:00,0.4400000000000013,09,18/07/24
11.600000000000025,19922.416666666668,18/07/24 10:00:00,1.5,10,18/07/24
13.400000000000034,19922.458333333336,18/07/24 11:00:00,1.8000000000000096,11,18/07/24
14.0,19922.5,18/07/24 12:00:00,0.5999999999999659,12,18/07/24
14.110000000000014,19922.541666666668,18/07/24 13:00:00,0.11000000000001364,13,18/07/24
13.890000000000043,19922.583333333336,18/07/24 14:00:00,-0.21999999999997044,14,18/07/24
14.27000000000004,19922.625,18/07/24 15:00:00,0.37999999999999723,15,18/07/24
14.27000000000004,19922.666666666668,18/07/24 16:00:00,0.0,16,18/07/24
14.27000000000004,19922.708333333336,18/07/24 17:00:00,0.0,17,18/07/24
15.240000000000007,19922.75,18/07/24 18:00:00,0.9699999999999669,18,18/07/24
15.660000000000023,19922.791666666668,18/07/24 19:00:00,0.4200000000000159,19,18/07/24
16.05000000000001,19922.833333333336,18/07/24 20:00:00,0.38999999999998813,20,18/07/24
16.420000000000016,19922.875,18/07/24 21:00:00,0.37000000000000455,21,18/07/24
17.05000000000001,19922.916666666668,18/07/24 22:00:00,0.6299999999999955,22,18/07/24
16.680000000000007,19922.958333333336,18/07/24 23:00:00,-0.37000000000000455,23,18/07/24
15.890000000000043,19923.0,19/07/24 00:00:00,-0.7899999999999636,00,19/07/24
15.610000000000014,19923.041666666668,19/07/24 01:00:00,-0.28000000000002956,01,19/07/24
15.57000000000005,19923.083333333336,19/07/24 02:00:00,-0.03999999999996362,02,19/07/24
15.560000000000002,19923.125,19/07/24 03:00:00,-0.010000000000047748,03,19/07/24
14.980000000000018,19923.166666666668,19/07/24 04:00:00,-0.5799999999999841,04,19/07/24
14.930000000000009,19923.208333333336,19/07/24 05:00:00,-0.05000000000000959,05,19/07/24
14.850000000000025,19923.25,19/07/24 06:00:00,-0.07999999999998408,06,19/07/24
14.810000000000002,19923.291666666668,19/07/24 07:00:00,-0.04000000000002224,07,19/07/24
14.550000000000011,19923.333333333336,19/07/24 08:00:00,-0.2599999999999909,08,19/07/24
13.890000000000043,19923.375,19/07/24 09:00:00,-0.6599999999999682,09,19/07/24
13.870000000000005,19923.416666666668,19/07/24 10:00:00,-0.020000000000038654,10,19/07/24
13.950000000000044,19923.458333333336,19/07/24 11:00:00,0.08000000000003915,11,19/07/24
14.390000000000043,19923.5,19/07/24 12:00:00,0.4399999999999995,12,19/07/24
15.090000000000032,19923.541666666668,19/07/24 13:00:00,0.6999999999999886,13,19/07/24
15.450000000000044,19923.583333333336,19/07/24 14:00:00,0.36000000000001187,14,19/07/24
15.700000000000044,19923.625,19/07/24 15:00:00,0.25,15,19/07/24
15.390000000000043,19923.666666666668,19/07/24 16:00:00,-0.3100000000000005,16,19/07/24
15.610000000000014,19923.708333333336,19/07/24 17:00:00,0.21999999999997044,17,19/07/24
16.110000000000014,19923.75,19/07/24 18:00:00,0.5,18,19/07/24
16.27000000000004,19923.791666666668,19/07/24 19:00:00,0.160000000000025,19,19/07/24
15.970000000000027,19923.833333333336,19/07/24 20:00:00,-0.30000000000001137,20,19/07/24
16.02000000000004,19923.875,19/07/24 21:00:00,0.05000000000001137,21,19/07/24
15.990000000000007,19923.916666666668,19/07/24 22:00:00,-0.030000000000031335,22,19/07/24
15.960000000000036,19923.958333333336,19/07/24 23:00:00,-0.02999999999997094,23,19/07/24
15.640000000000043,19924.0,20/07/24 00:00:00,-0.3199999999999932,00,20/07/24
15.430000000000009,19924.041666666668,20/07/24 01:00:00,-0.2100000000000346,01,20/07/24
15.010000000000048,19924.083333333336,20/07/24 02:00:00,-0.41999999999996085,02,20/07/24
14.930000000000009,19924.125,20/07/24 03:00:00,-0.08000000000003915,03,20/07/24
14.310000000000002,19924.166666666668,20/07/24 04:00:00,-0.6200000000000063,04,20/07/24
13.300000000000011,19924.208333333336,20/07/24 05:00:00,-1.009999999999991,05,20/07/24
12.83000000000004,19924.25,20/07/24 06:00:00,-0.4699999999999722,06,20/07/24
12.82000000000005,19924.291666666668,20/07/24 07:00:00,-0.009999999999989129,07,20/07/24
12.710000000000036,19924.333333333336,20/07/24 08:00:00,-0.11000000000001364,08,20/07/24
12.83000000000004,19924.375,20/07/24 09:00:00,0.12000000000000277,09,20/07/24
12.930000000000009,19924.416666666668,20/07/24 10:00:00,0.09999999999996945,10,20/07/24
13.32000000000005,19924.458333333336,20/07/24 11:00:00,0.3900000000000414,11,20/07/24
13.439999999999998,19924.5,20/07/24 12:00:00,0.1199999999999477,12,20/07/24
14.180000000000009,19924.541666666668,20/07/24 13:00:00,0.7400000000000109,13,20/07/24
16.110000000000014,19924.583333333336,20/07/24 14:00:00,1.930000000000005,14,20/07/24
16.24000000000001,19924.625,20/07/24 15:00:00,0.12999999999999545,15,20/07/24
16.03000000000003,19924.666666666668,20/07/24 16:00:00,-0.20999999999997954,16,20/07/24
13.340000000000032,19924.708333333336,20/07/24 17:00:00,-2.6899999999999977,17,20/07/24
13.420000000000016,19924.75,20/07/24 18:00:00,0.07999999999998408,18,20/07/24
14.189999999999998,19924.791666666668,20/07/24 19:00:00,0.7699999999999818,19,20/07/24
15.140000000000043,19924.833333333336,20/07/24 20:00:00,0.9500000000000455,20,20/07/24
15.629999999999995,19924.875,20/07/24 21:00:00,0.48999999999995225,21,20/07/24
15.120000000000005,19924.916666666668,20/07/24 22:00:00,-0.5099999999999909,22,20/07/24
13.870000000000005,19924.958333333336,20/07/24 23:00:00,-1.25,23,20/07/24
13.430000000000009,19925.0,21/07/24 00:00:00,-0.43999999999999595,00,21/07/24
12.77000000000004,19925.041666666668,21/07/24 01:00:00,-0.6599999999999682,01,21/07/24
12.470000000000027,19925.083333333336,21/07/24 02:00:00,-0.30000000000001315,02,21/07/24
12.060000000000002,19925.125,21/07/24 03:00:00,-0.410000000000025,03,21/07/24
11.970000000000027,19925.166666666668,21/07/24 04:00:00,-0.08999999999997499,04,21/07/24
12.02000000000004,19925.208333333336,21/07/24 05:00:00,0.050000000000013145,05,21/07/24
12.400000000000034,19925.25,21/07/24 06:00:00,0.3799999999999937,06,21/07/24
12.420000000000016,19925.291666666668,21/07/24 07:00:00,0.01999999999998181,07,21/07/24
12.490000000000007,19925.333333333336,21/07/24 08:00:00,0.0699999999999914,08,21/07/24
12.420000000000016,19925.375,21/07/24 09:00:00,-0.0699999999999914,09,21/07/24
12.52000000000004,19925.416666666668,21/07/24 10:00:00,0.10000000000002451,10,21/07/24
12.740000000000007,19925.458333333336,21/07/24 11:00:00,0.2199999999999669,11,21/07/24
12.920000000000016,19925.5,21/07/24 12:00:00,0.1800000000000086,12,21/07/24
13.200000000000044,19925.541666666668,21/07/24 13:00:00,0.2800000000000278,13,21/07/24
20.0,19925.583333333336,21/07/24 14:00:00,6.799999999999956,14,21/07/24
20.0,19925.625,21/07/24 15:00:00,0.0,15,21/07/24
20.0,19925.666666666668,21/07/24 16:00:00,0.0,16,21/07/24
20.0,19925.708333333336,21/07/24 17:00:00,0.0,17,21/07/24
21.360000000000014,19925.75,21/07/24 18:00:00,1.3600000000000136,18,21/07/24
21.220000000000027,19925.791666666668,21/07/24 19:00:00,-0.13999999999998636,19,21/07/24
20.90000000000004,19925.833333333336,21/07/24 20:00:00,-0.3199999999999861,20,21/07/24
19.58000000000004,19925.875,21/07/24 21:00:00,-1.3200000000000003,21,21/07/24
18.81,19925.916666666668,21/07/24 22:00:00,-0.7700000000000422,22,21/07/24
17.33000000000004,19925.958333333336,21/07/24 23:00:00,-1.4799999999999578,23,21/07/24
17.230000000000018,19926.0,22/07/24 00:00:00,-0.10000000000002274,00,22/07/24
16.25,19926.041666666668,22/07/24 01:00:00,-0.9800000000000182,01,22/07/24
15.710000000000036,19926.083333333336,22/07/24 02:00:00,-0.5399999999999636,02,22/07/24
15.620000000000005,19926.125,22/07/24 03:00:00,-0.09000000000003183,03,22/07/24
14.950000000000044,19926.166666666668,22/07/24 04:00:00,-0.6699999999999608,04,22/07/24
14.04000000000002,19926.208333333336,22/07/24 05:00:00,-0.9100000000000232,05,22/07/24
13.180000000000009,19926.25,22/07/24 06:00:00,-0.8600000000000119,06,22/07/24
13.100000000000025,19926.291666666668,22/07/24 07:00:00,-0.07999999999998408,07,22/07/24
14.07000000000005,19926.333333333336,22/07/24 08:00:00,0.9700000000000255,08,22/07/24
16.420000000000016,19926.375,22/07/24 09:00:00,2.349999999999966,09,22/07/24
