heure,Interval,kWh,sec,Wh,cumul(ms),dates,days
0:0:36,49273,0.07,49.273,73.06232622328659,36909125126,2024-10-22 00:00:36.132206,22/10/24
0:1:20,44534,0.08,44.534,80.837113216868,36909169660,2024-10-22 00:01:20.666206,22/10/24
0:2:4,43931,0.08,43.931,81.94668912612961,36909213591,2024-10-22 00:02:04.597206,22/10/24
0:2:50,45775,0.08,45.775,78.64554888039322,36909259366,2024-10-22 00:02:50.372206,22/10/24
0:3:36,45840,0.08,45.84,78.53403141361257,36909305206,2024-10-22 00:03:36.212206,22/10/24
0:4:21,45736,0.08,45.736,78.71261150953298,36909350942,2024-10-22 00:04:21.948206,22/10/24
0:5:7,45752,0.08,45.752,78.68508480503584,36909396694,2024-10-22 00:05:07.700206,22/10/24
0:5:52,44799,0.08,44.799,80.35893658340588,36909441493,2024-10-22 00:05:52.499206,22/10/24
0:6:37,44730,0.08,44.73,80.48289738430583,36909486223,2024-10-22 00:06:37.229206,22/10/24
0:7:22,44775,0.08,44.775,80.40201005025126,36909530998,2024-10-22 00:07:22.004206,22/10/24
0:8:6,44764,0.08,44.764,80.42176749173443,36909575762,2024-10-22 00:08:06.768206,22/10/24
0:8:51,44721,0.08,44.721,80.49909438518817,36909620483,2024-10-22 00:08:51.489206,22/10/24
0:9:34,42575,0.08,42.575,84.55666470933646,36909663058,2024-10-22 00:09:34.064206,22/10/24
0:10:17,43124,0.08,43.124,83.48019664224098,36909706182,2024-10-22 00:10:17.188206,22/10/24
0:11:0,42888,0.08,42.888,83.93956351426972,36909749070,2024-10-22 00:11:00.076206,22/10/24
0:11:43,43094,0.08,43.094,83.53831159790226,36909792164,2024-10-22 00:11:43.170206,22/10/24
0:12:26,43304,0.08,43.304,83.1331978570109,36909835468,2024-10-22 00:12:26.474206,22/10/24
0:13:12,45654,0.08,45.654,78.85398869759496,36909881122,2024-10-22 00:13:12.128206,22/10/24
0:13:59,47194,0.08,47.194,76.28088316311396,36909928316,2024-10-22 00:13:59.322206,22/10/24
0:14:46,47256,0.08,47.256,76.18080243778567,36909975572,2024-10-22 00:14:46.578206,22/10/24
0:15:33,47051,0.08,47.051,76.51272023973986,36910022623,2024-10-22 00:15:33.629206,22/10/24
0:16:20,47160,0.08,47.16,76.33587786259542,36910069783,2024-10-22 00:16:20.789206,22/10/24
0:17:7,47207,0.08,47.207,76.25987671319932,36910116990,2024-10-22 00:17:07.996206,22/10/24
0:17:55,47102,0.08,47.102,76.42987558914696,36910164092,2024-10-22 00:17:55.098206,22/10/24
0:18:42,47119,0.08,47.119,76.40230055816126,36910211211,2024-10-22 00:18:42.217206,22/10/24
0:19:29,46808,0.08,46.808,76.90992992650828,36910258019,2024-10-22 00:19:29.025206,22/10/24
0:20:16,47026,0.08,47.026,76.5533959937056,36910305045,2024-10-22 00:20:16.051206,22/10/24
0:21:3,46989,0.08,46.989,76.61367554108408,36910352034,2024-10-22 00:21:03.040206,22/10/24
0:21:49,46864,0.08,46.864,76.81802663024924,36910398898,2024-10-22 00:21:49.904206,22/10/24
0:22:36,46664,0.08,46.664,77.14726555803189,36910445562,2024-10-22 00:22:36.568206,22/10/24
0:23:22,46404,0.08,46.404,77.57951900698215,36910491966,2024-10-22 00:23:22.972206,22/10/24
0:24:9,46792,0.08,46.792,76.93622841511369,36910538758,2024-10-22 00:24:09.764206,22/10/24
0:24:56,46906,0.08,46.906,76.74924316718544,36910585664,2024-10-22 00:24:56.670206,22/10/24
0:25:43,46919,0.08,46.919,76.7279780046463,36910632583,2024-10-22 00:25:43.589206,22/10/24
0:26:30,46988,0.08,46.988,76.61530603558356,36910679571,2024-10-22 00:26:30.577206,22/10/24
0:27:17,47010,0.08,47.01,76.57945118059988,36910726581,2024-10-22 00:27:17.587206,22/10/24
0:28:4,46981,0.08,46.981,76.62672144058236,36910773562,2024-10-22 00:28:04.568206,22/10/24
0:28:51,47029,0.08,47.029,76.54851261987284,36910820591,2024-10-22 00:28:51.597206,22/10/24
0:29:38,46875,0.08,46.875,76.8,36910867466,2024-10-22 00:29:38.472206,22/10/24
0:30:25,46946,0.08,46.946,76.68384952924637,36910914412,2024-10-22 00:30:25.418206,22/10/24
0:31:12,46986,0.08,46.986,76.61856723279274,36910961398,2024-10-22 00:31:12.404206,22/10/24
0:31:59,47118,0.08,47.118,76.40392206799949,36911008516,2024-10-22 00:31:59.522206,22/10/24
0:32:46,46933,0.08,46.933,76.70509023501587,36911055449,2024-10-22 00:32:46.455206,22/10/24
0:33:33,46968,0.08,46.968,76.64793050587635,36911102417,2024-10-22 00:33:33.423206,22/10/24
0:34:20,46972,0.08,46.972,76.64140338925317,36911149389,2024-10-22 00:34:20.395206,22/10/24
0:35:7,46999,0.08,46.999,76.59737441222154,36911196388,2024-10-22 00:35:07.394206,22/10/24
0:35:54,47083,0.08,47.083,76.4607183059703,36911243471,2024-10-22 00:35:54.477206,22/10/24
0:36:41,47007,0.08,47.007,76.58433850277618,36911290478,2024-10-22 00:36:41.484206,22/10/24
0:37:28,47018,0.08,47.018,76.56642137053895,36911337496,2024-10-22 00:37:28.502206,22/10/24
0:38:15,46918,0.08,46.918,76.72961336800375,36911384414,2024-10-22 00:38:15.420206,22/10/24
0:39:2,46960,0.08,46.96,76.66098807495742,36911431374,2024-10-22 00:39:02.380206,22/10/24
0:39:49,47296,0.08,47.296,76.11637347767252,36911478670,2024-10-22 00:39:49.676206,22/10/24
0:40:38,48917,0.07,48.917,73.59404705930454,36911527587,2024-10-22 00:40:38.593206,22/10/24
0:41:26,48211,0.07,48.211,74.67175540851673,36911575798,2024-10-22 00:41:26.804206,22/10/24
0:42:15,48376,0.07,48.376,74.41706631387464,36911624174,2024-10-22 00:42:15.180206,22/10/24
0:43:3,48398,0.07,48.398,74.38323897681722,36911672572,2024-10-22 00:43:03.578206,22/10/24
0:43:52,48746,0.07,48.746,73.85221351495507,36911721318,2024-10-22 00:43:52.324206,22/10/24
0:44:40,48468,0.07,48.468,74.27581084426838,36911769786,2024-10-22 00:44:40.792206,22/10/24
0:45:28,47358,0.08,47.358,76.01672367920942,36911817144,2024-10-22 00:45:28.150206,22/10/24
0:46:16,48776,0.07,48.776,73.80679022470068,36911865920,2024-10-22 00:46:16.926206,22/10/24
0:47:5,49013,0.07,49.013,73.4499010466611,36911914933,2024-10-22 00:47:05.939206,22/10/24
0:47:54,48788,0.07,48.788,73.7886365499713,36911963721,2024-10-22 00:47:54.727206,22/10/24
0:48:43,49032,0.07,49.032,73.42143906020559,36912012753,2024-10-22 00:48:43.759206,22/10/24
0:49:31,47661,0.08,47.661,75.53345502612198,36912060414,2024-10-22 00:49:31.420206,22/10/24
0:50:18,46913,0.08,46.913,76.73779123057575,36912107327,2024-10-22 00:50:18.333206,22/10/24
0:51:5,46883,0.08,46.883,76.78689503658042,36912154210,2024-10-22 00:51:05.216206,22/10/24
0:51:52,46943,0.08,46.943,76.68875018639626,36912201153,2024-10-22 00:51:52.159206,22/10/24
0:52:38,46816,0.08,46.816,76.8967874231032,36912247969,2024-10-22 00:52:38.975206,22/10/24
0:53:25,46887,0.08,46.887,76.78034423187664,36912294856,2024-10-22 00:53:25.862206,22/10/24
0:54:12,46916,0.08,46.916,76.73288430386222,36912341772,2024-10-22 00:54:12.778206,22/10/24
0:54:59,46932,0.08,46.932,76.7067246228586,36912388704,2024-10-22 00:54:59.710206,22/10/24
0:55:46,47070,0.08,47.07,76.48183556405354,36912435774,2024-10-22 00:55:46.780206,22/10/24
0:56:33,47007,0.08,47.007,76.58433850277618,36912482781,2024-10-22 00:56:33.787206,22/10/24
0:57:20,46945,0.08,46.945,76.68548301203536,36912529726,2024-10-22 00:57:20.732206,22/10/24
0:58:6,46114,0.08,46.114,78.06739818710153,36912575840,2024-10-22 00:58:06.846206,22/10/24
0:58:51,44915,0.08,44.915,80.15139708337972,36912620755,2024-10-22 00:58:51.761206,22/10/24
0:59:37,45241,0.08,45.241,79.57383789040914,36912665996,2024-10-22 00:59:37.002206,22/10/24
1:0:23,46871,0.08,46.871,76.80655415928825,36912712867,2024-10-22 01:00:23.873206,22/10/24
1:1:9,45777,0.08,45.777,78.64211285143195,36912758644,2024-10-22 01:01:09.650206,22/10/24
1:1:55,45431,0.08,45.431,79.24104686227466,36912804075,2024-10-22 01:01:55.081206,22/10/24
1:2:40,45474,0.08,45.474,79.16611690196596,36912849549,2024-10-22 01:02:40.555206,22/10/24
1:3:25,45384,0.08,45.384,79.32310946589106,36912894933,2024-10-22 01:03:25.939206,22/10/24
1:4:11,45257,0.08,45.257,79.54570563669708,36912940190,2024-10-22 01:04:11.196206,22/10/24
1:4:56,45320,0.08,45.32,79.4351279788173,36912985510,2024-10-22 01:04:56.516206,22/10/24
1:5:41,45011,0.08,45.011,79.98044922352314,36913030521,2024-10-22 01:05:41.527206,22/10/24
1:6:26,44536,0.08,44.536,80.83348302496856,36913075057,2024-10-22 01:06:26.063206,22/10/24
1:7:10,44114,0.08,44.114,81.60674615768237,36913119171,2024-10-22 01:07:10.177206,22/10/24
1:7:54,44585,0.08,44.585,80.74464505999775,36913163756,2024-10-22 01:07:54.762206,22/10/24
1:8:39,44748,0.08,44.748,80.45052292839904,36913208504,2024-10-22 01:08:39.510206,22/10/24
1:9:24,44607,0.08,44.607,80.70482211312125,36913253111,2024-10-22 01:09:24.117206,22/10/24
1:10:8,44665,0.08,44.665,80.60002238889511,36913297776,2024-10-22 01:10:08.782206,22/10/24
1:10:53,44554,0.08,44.554,80.80082596399875,36913342330,2024-10-22 01:10:53.336206,22/10/24
1:11:37,44586,0.08,44.586,80.74283407347598,36913386916,2024-10-22 01:11:37.922206,22/10/24
1:12:23,45619,0.08,45.619,78.91448738464237,36913432535,2024-10-22 01:12:23.541206,22/10/24
1:13:9,46386,0.08,46.386,77.60962359332557,36913478921,2024-10-22 01:13:09.927206,22/10/24
1:13:56,46966,0.08,46.966,76.651194481114,36913525887,2024-10-22 01:13:56.893206,22/10/24
1:14:44,47561,0.08,47.561,75.69226887575955,36913573448,2024-10-22 01:14:44.454206,22/10/24
1:15:31,47472,0.08,47.472,75.83417593528817,36913620920,2024-10-22 01:15:31.926206,22/10/24
1:16:19,47640,0.08,47.64,75.56675062972292,36913668560,2024-10-22 01:16:19.566206,22/10/24
1:17:7,47482,0.08,47.482,75.8182047933954,36913716042,2024-10-22 01:17:07.048206,22/10/24
1:17:54,47929,0.08,47.929,75.11110183813558,36913763971,2024-10-22 01:17:54.977206,22/10/24
1:18:43,48995,0.07,48.995,73.47688539646903,36913812966,2024-10-22 01:18:43.972206,22/10/24
1:19:31,47638,0.08,47.638,75.56992317057811,36913860604,2024-10-22 01:19:31.610206,22/10/24
1:20:18,46819,0.08,46.819,76.89186014224994,36913907423,2024-10-22 01:20:18.429206,22/10/24
1:21:5,46726,0.08,46.726,77.04490005564354,36913954149,2024-10-22 01:21:05.155206,22/10/24
1:21:52,47024,0.08,47.024,76.55665192242259,36914001173,2024-10-22 01:21:52.179206,22/10/24
1:22:39,46871,0.08,46.871,76.80655415928825,36914048044,2024-10-22 01:22:39.050206,22/10/24
1:23:25,46940,0.08,46.94,76.69365146996165,36914094984,2024-10-22 01:23:25.990206,22/10/24
1:24:12,46836,0.08,46.836,76.86395080707149,36914141820,2024-10-22 01:24:12.826206,22/10/24
1:24:59,46895,0.08,46.895,76.76724597505064,36914188715,2024-10-22 01:24:59.721206,22/10/24
1:25:46,46968,0.08,46.968,76.64793050587635,36914235683,2024-10-22 01:25:46.689206,22/10/24
1:26:33,46943,0.08,46.943,76.68875018639626,36914282626,2024-10-22 01:26:33.632206,22/10/24
1:27:20,46601,0.08,46.601,77.25156112529774,36914329227,2024-10-22 01:27:20.233206,22/10/24
1:28:7,46866,0.08,46.866,76.81474843169889,36914376093,2024-10-22 01:28:07.099206,22/10/24
1:28:54,46943,0.08,46.943,76.68875018639626,36914423036,2024-10-22 01:28:54.042206,22/10/24
1:29:41,47044,0.08,47.044,76.52410509310432,36914470080,2024-10-22 01:29:41.086206,22/10/24
1:30:27,46470,0.08,46.47,77.46933505487411,36914516550,2024-10-22 01:30:27.556206,22/10/24
1:31:14,47018,0.08,47.018,76.56642137053895,36914563568,2024-10-22 01:31:14.574206,22/10/24
1:32:1,46956,0.08,46.956,76.66751852798365,36914610524,2024-10-22 01:32:01.530206,22/10/24
1:32:48,46979,0.08,46.979,76.62998360969794,36914657503,2024-10-22 01:32:48.509206,22/10/24
1:33:35,47013,0.08,47.013,76.5745644821645,36914704516,2024-10-22 01:33:35.522206,22/10/24
1:34:22,47022,0.08,47.022,76.55990812811025,36914751538,2024-10-22 01:34:22.544206,22/10/24
1:35:9,47083,0.08,47.083,76.4607183059703,36914798621,2024-10-22 01:35:09.627206,22/10/24
1:35:56,46975,0.08,46.975,76.63650878126663,36914845596,2024-10-22 01:35:56.602206,22/10/24
1:36:43,47026,0.08,47.026,76.5533959937056,36914892622,2024-10-22 01:36:43.628206,22/10/24
1:37:30,47071,0.08,47.071,76.4802107454696,36914939693,2024-10-22 01:37:30.699206,22/10/24
1:38:17,47111,0.08,47.111,76.41527456432681,36914986804,2024-10-22 01:38:17.810206,22/10/24
1:39:4,46819,0.08,46.819,76.89186014224994,36915033623,2024-10-22 01:39:04.629206,22/10/24
1:39:49,44808,0.08,44.808,80.34279592929833,36915078431,2024-10-22 01:39:49.437206,22/10/24
1:40:36,46696,0.08,46.696,77.09439780709269,36915125127,2024-10-22 01:40:36.133206,22/10/24
1:41:23,47073,0.08,47.073,76.47696131540374,36915172200,2024-10-22 01:41:23.206206,22/10/24
1:42:10,47128,0.08,47.128,76.38771006620269,36915219328,2024-10-22 01:42:10.334206,22/10/24
1:42:57,47195,0.08,47.195,76.27926687149062,36915266523,2024-10-22 01:42:57.529206,22/10/24
1:43:44,47158,0.08,47.158,76.33911531447474,36915313681,2024-10-22 01:43:44.687206,22/10/24
1:44:31,47065,0.08,47.065,76.48996069265908,36915360746,2024-10-22 01:44:31.752206,22/10/24
1:45:18,47118,0.08,47.118,76.40392206799949,36915407864,2024-10-22 01:45:18.870206,22/10/24
1:46:5,47045,0.08,47.045,76.52247847805293,36915454909,2024-10-22 01:46:05.915206,22/10/24
1:46:52,47074,0.08,47.074,76.47533670391299,36915501983,2024-10-22 01:46:52.989206,22/10/24
1:47:40,47147,0.08,47.147,76.35692620951492,36915549130,2024-10-22 01:47:40.136206,22/10/24
1:48:27,47157,0.08,47.157,76.34073414339335,36915596287,2024-10-22 01:48:27.293206,22/10/24
1:49:14,47232,0.08,47.232,76.21951219512195,36915643519,2024-10-22 01:49:14.525206,22/10/24
1:49:59,44800,0.08,44.8,80.35714285714286,36915688319,2024-10-22 01:49:59.325206,22/10/24
1:50:44,45412,0.08,45.412,79.27420065181009,36915733731,2024-10-22 01:50:44.737206,22/10/24
1:51:31,46715,0.08,46.715,77.063041849513,36915780446,2024-10-22 01:51:31.452206,22/10/24
1:52:18,46789,0.08,46.789,76.941161384086,36915827235,2024-10-22 01:52:18.241206,22/10/24
1:53:5,47170,0.08,47.17,76.31969472122111,36915874405,2024-10-22 01:53:05.411206,22/10/24
1:53:52,47133,0.08,47.133,76.37960664502577,36915921538,2024-10-22 01:53:52.544206,22/10/24
1:54:39,47018,0.08,47.018,76.56642137053895,36915968556,2024-10-22 01:54:39.562206,22/10/24
1:55:26,46999,0.08,46.999,76.59737441222154,36916015555,2024-10-22 01:55:26.561206,22/10/24
1:56:13,47140,0.08,47.14,76.36826474331778,36916062695,2024-10-22 01:56:13.701206,22/10/24
1:57:0,47083,0.08,47.083,76.4607183059703,36916109778,2024-10-22 01:57:00.784206,22/10/24
1:57:47,47055,0.08,47.055,76.50621613006057,36916156833,2024-10-22 01:57:47.839206,22/10/24
1:58:34,47017,0.08,47.017,76.56804985430801,36916203850,2024-10-22 01:58:34.856206,22/10/24
1:59:21,47066,0.08,47.066,76.48833552883185,36916250916,2024-10-22 01:59:21.922206,22/10/24
2:0:10,48377,0.07,48.377,74.41552804018438,36916299293,2024-10-22 02:00:10.299206,22/10/24
2:0:58,48292,0.07,48.292,74.54650873850741,36916347585,2024-10-22 02:00:58.591206,22/10/24
2:1:45,47175,0.08,47.175,76.31160572337043,36916394760,2024-10-22 02:01:45.766206,22/10/24
2:2:32,47063,0.08,47.063,76.49321122750356,36916441823,2024-10-22 02:02:32.829206,22/10/24
2:3:20,47520,0.08,47.52,75.75757575757575,36916489343,2024-10-22 02:03:20.349206,22/10/24
2:4:7,47539,0.08,47.539,75.72729758724415,36916536882,2024-10-22 02:04:07.888206,22/10/24
2:4:55,47533,0.08,47.533,75.73685649969495,36916584415,2024-10-22 02:04:55.421206,22/10/24
2:5:42,47576,0.08,47.576,75.66840423743064,36916631991,2024-10-22 02:05:42.997206,22/10/24
2:6:29,46180,0.08,46.18,77.9558250324816,36916678171,2024-10-22 02:06:29.177206,22/10/24
2:7:15,46122,0.08,46.122,78.0538571614414,36916724293,2024-10-22 02:07:15.299206,22/10/24
2:8:1,46301,0.08,46.301,77.75210038660072,36916770594,2024-10-22 02:08:01.600206,22/10/24
2:8:47,46356,0.08,46.356,77.65984985762361,36916816950,2024-10-22 02:08:47.956206,22/10/24
2:9:34,46246,0.08,46.246,77.8445703412187,36916863196,2024-10-22 02:09:34.202206,22/10/24
2:10:20,46296,0.08,46.296,77.76049766718506,36916909492,2024-10-22 02:10:20.498206,22/10/24
2:11:6,46098,0.08,46.098,78.09449433814916,36916955590,2024-10-22 02:11:06.596206,22/10/24
2:11:52,46353,0.08,46.353,77.66487605980195,36917001943,2024-10-22 02:11:52.949206,22/10/24
2:12:39,46173,0.08,46.173,77.96764342797739,36917048116,2024-10-22 02:12:39.122206,22/10/24
2:13:24,45281,0.08,45.281,79.5035445330271,36917093397,2024-10-22 02:13:24.403206,22/10/24
2:14:11,46673,0.08,46.673,77.13238917575472,36917140070,2024-10-22 02:14:11.076206,22/10/24
2:14:58,47375,0.08,47.375,75.98944591029024,36917187445,2024-10-22 02:14:58.451206,22/10/24
2:15:45,47391,0.08,47.391,75.96379059315059,36917234836,2024-10-22 02:15:45.842206,22/10/24
2:16:32,46298,0.08,46.298,77.75713853730183,36917281134,2024-10-22 02:16:32.140206,22/10/24
2:17:20,48447,0.07,48.447,74.3080066877206,36917329581,2024-10-22 02:17:20.587206,22/10/24
2:18:9,48790,0.07,48.79,73.78561180569788,36917378371,2024-10-22 02:18:09.377206,22/10/24
2:18:57,47962,0.08,47.962,75.05942204245028,36917426333,2024-10-22 02:18:57.339206,22/10/24
2:19:44,47215,0.08,47.215,76.24695541671079,36917473548,2024-10-22 02:19:44.554206,22/10/24
2:20:31,46888,0.08,46.888,76.77870670534038,36917520436,2024-10-22 02:20:31.442206,22/10/24
2:21:18,46829,0.08,46.829,76.87544043221081,36917567265,2024-10-22 02:21:18.271206,22/10/24
2:22:4,46233,0.08,46.233,77.86645902277594,36917613498,2024-10-22 02:22:04.504206,22/10/24
2:22:50,46340,0.08,46.34,77.68666378938282,36917659838,2024-10-22 02:22:50.844206,22/10/24
2:23:37,46965,0.08,46.965,76.65282657297988,36917706803,2024-10-22 02:23:37.809206,22/10/24
2:24:24,46867,0.08,46.867,76.81310943734397,36917753670,2024-10-22 02:24:24.676206,22/10/24
2:25:11,46897,0.08,46.897,76.76397210909013,36917800567,2024-10-22 02:25:11.573206,22/10/24
2:25:58,46901,0.08,46.901,76.75742521481418,36917847468,2024-10-22 02:25:58.474206,22/10/24
2:26:45,47031,0.08,47.031,76.54525738342795,36917894499,2024-10-22 02:26:45.505206,22/10/24
2:27:32,47004,0.08,47.004,76.58922644881287,36917941503,2024-10-22 02:27:32.509206,22/10/24
2:28:19,46955,0.08,46.955,76.66915131508891,36917988458,2024-10-22 02:28:19.464206,22/10/24
2:29:6,46941,0.08,46.941,76.69201763916406,36918035399,2024-10-22 02:29:06.405206,22/10/24
2:29:53,47582,0.08,47.582,75.65886259509898,36918082981,2024-10-22 02:29:53.987206,22/10/24
2:30:42,48980,0.07,48.98,73.49938750510412,36918131961,2024-10-22 02:30:42.967206,22/10/24
2:31:31,48944,0.07,48.944,73.55344883949003,36918180905,2024-10-22 02:31:31.911206,22/10/24
2:32:20,48997,0.07,48.997,73.47388615629528,36918229902,2024-10-22 02:32:20.908206,22/10/24
2:33:9,48922,0.07,48.922,73.5865254895548,36918278824,2024-10-22 02:33:09.830206,22/10/24
2:33:58,49015,0.07,49.015,73.44690400897684,36918327839,2024-10-22 02:33:58.845206,22/10/24
2:34:46,47987,0.08,47.987,75.02031800279242,36918375826,2024-10-22 02:34:46.832206,22/10/24
2:35:35,48487,0.07,48.487,74.2467053024522,36918424313,2024-10-22 02:35:35.319206,22/10/24
2:36:24,48983,0.07,48.983,73.4948859808505,36918473296,2024-10-22 02:36:24.302206,22/10/24
2:37:13,48882,0.07,48.882,73.64674113170493,36918522178,2024-10-22 02:37:13.184206,22/10/24
2:38:1,48163,0.07,48.163,74.74617444926604,36918570341,2024-10-22 02:38:01.347206,22/10/24
2:38:49,48496,0.07,48.496,74.23292642692181,36918618837,2024-10-22 02:38:49.843206,22/10/24
2:39:38,49007,0.07,49.007,73.45889362744097,36918667844,2024-10-22 02:39:38.850206,22/10/24
2:40:27,48820,0.07,48.82,73.74027038099139,36918716664,2024-10-22 02:40:27.670206,22/10/24
2:41:16,48712,0.07,48.712,73.90376088027591,36918765376,2024-10-22 02:41:16.382206,22/10/24
2:42:5,48945,0.07,48.945,73.55194606190622,36918814321,2024-10-22 02:42:05.327206,22/10/24
2:42:54,48820,0.07,48.82,73.74027038099139,36918863141,2024-10-22 02:42:54.147206,22/10/24
2:43:43,48893,0.07,48.893,73.63017200826295,36918912034,2024-10-22 02:43:43.040206,22/10/24
2:44:31,48916,0.07,48.916,73.59555155777251,36918960950,2024-10-22 02:44:31.956206,22/10/24
2:45:20,48930,0.07,48.93,73.57449417535254,36919009880,2024-10-22 02:45:20.886206,22/10/24
2:46:9,48806,0.07,48.806,73.7614227758882,36919058686,2024-10-22 02:46:09.692206,22/10/24
2:46:58,48945,0.07,48.945,73.55194606190622,36919107631,2024-10-22 02:46:58.637206,22/10/24
2:47:47,49009,0.07,49.009,73.4558958558632,36919156640,2024-10-22 02:47:47.646206,22/10/24
2:48:36,48964,0.07,48.964,73.52340495057594,36919205604,2024-10-22 02:48:36.610206,22/10/24
2:49:23,47253,0.08,47.253,76.18563900704717,36919252857,2024-10-22 02:49:23.863206,22/10/24
2:50:10,46381,0.08,46.381,77.61799012526681,36919299238,2024-10-22 02:50:10.244206,22/10/24
2:50:57,46904,0.08,46.904,76.75251577690602,36919346142,2024-10-22 02:50:57.148206,22/10/24
2:51:44,46882,0.08,46.882,76.78853291241842,36919393024,2024-10-22 02:51:44.030206,22/10/24
2:52:30,46932,0.08,46.932,76.7067246228586,36919439956,2024-10-22 02:52:30.962206,22/10/24
2:53:17,46952,0.08,46.952,76.67405009371272,36919486908,2024-10-22 02:53:17.914206,22/10/24
2:54:4,46905,0.08,46.905,76.75087943716022,36919533813,2024-10-22 02:54:04.819206,22/10/24
2:54:51,46985,0.08,46.985,76.62019793551133,36919580798,2024-10-22 02:54:51.804206,22/10/24
2:55:38,46973,0.08,46.973,76.63977178379069,36919627771,2024-10-22 02:55:38.777206,22/10/24
2:56:25,46956,0.08,46.956,76.66751852798365,36919674727,2024-10-22 02:56:25.733206,22/10/24
2:57:12,46902,0.08,46.902,76.75578866572855,36919721629,2024-10-22 02:57:12.635206,22/10/24
2:57:59,46799,0.08,46.799,76.92472061368832,36919768428,2024-10-22 02:57:59.434206,22/10/24
2:58:46,46627,0.08,46.627,77.20848435455852,36919815055,2024-10-22 02:58:46.061206,22/10/24
2:59:30,44860,0.08,44.86,80.24966562639322,36919859915,2024-10-22 02:59:30.921206,22/10/24
3:0:17,46732,0.08,46.732,77.03500813147308,36919906647,2024-10-22 03:00:17.653206,22/10/24
3:1:4,46727,0.08,46.727,77.0432512252017,36919953374,2024-10-22 03:01:04.380206,22/10/24
3:1:49,45280,0.08,45.28,79.50530035335689,36919998654,2024-10-22 03:01:49.660206,22/10/24
3:2:35,45661,0.08,45.661,78.84190008979216,36920044315,2024-10-22 03:02:35.321206,22/10/24
3:3:20,45671,0.08,45.671,78.82463707823345,36920089986,2024-10-22 03:03:20.992206,22/10/24
3:4:6,45686,0.08,45.686,78.79875673072713,36920135672,2024-10-22 03:04:06.678206,22/10/24
3:4:52,45674,0.08,45.674,78.81945964881552,36920181346,2024-10-22 03:04:52.352206,22/10/24
3:5:37,45573,0.08,45.573,78.99414126785597,36920226919,2024-10-22 03:05:37.925206,22/10/24
3:6:23,45268,0.08,45.268,79.52637624812229,36920272187,2024-10-22 03:06:23.193206,22/10/24
3:7:7,44488,0.08,44.488,80.92069771623808,36920316675,2024-10-22 03:07:07.681206,22/10/24
3:7:52,44583,0.08,44.583,80.7482672767647,36920361258,2024-10-22 03:07:52.264206,22/10/24
3:8:36,44598,0.08,44.598,80.72110856989103,36920405856,2024-10-22 03:08:36.862206,22/10/24
3:9:21,44675,0.08,44.675,80.58198097369893,36920450531,2024-10-22 03:09:21.537206,22/10/24
3:10:6,44495,0.08,44.495,80.90796718732442,36920495026,2024-10-22 03:10:06.032206,22/10/24
3:10:50,44602,0.08,44.602,80.71386933321375,36920539628,2024-10-22 03:10:50.634206,22/10/24
3:11:35,44381,0.08,44.381,81.11579279421375,36920584009,2024-10-22 03:11:35.015206,22/10/24
3:12:20,45557,0.08,45.557,79.02188467194942,36920629566,2024-10-22 03:12:20.572206,22/10/24
3:13:6,45828,0.08,45.828,78.55459544383346,36920675394,2024-10-22 03:13:06.400206,22/10/24
3:13:53,46866,0.08,46.866,76.81474843169889,36920722260,2024-10-22 03:13:53.266206,22/10/24
3:14:41,48576,0.07,48.576,74.11067193675889,36920770836,2024-10-22 03:14:41.842206,22/10/24
3:15:30,48909,0.07,48.909,73.6060847696743,36920819745,2024-10-22 03:15:30.751206,22/10/24
3:16:19,48900,0.07,48.9,73.61963190184049,36920868645,2024-10-22 03:16:19.651206,22/10/24
3:17:8,48904,0.07,48.904,73.6136103386226,36920917549,2024-10-22 03:17:08.555206,22/10/24
3:17:57,48983,0.07,48.983,73.4948859808505,36920966532,2024-10-22 03:17:57.538206,22/10/24
3:18:45,48122,0.07,48.122,74.8098582768796,36921014654,2024-10-22 03:18:45.660206,22/10/24
3:19:32,46563,0.08,46.563,77.3146060176535,36921061217,2024-10-22 03:19:32.223206,22/10/24
3:20:19,46991,0.08,46.991,76.61041476027324,36921108208,2024-10-22 03:20:19.214206,22/10/24
3:21:6,46845,0.08,46.845,76.84918347742556,36921155053,2024-10-22 03:21:06.059206,22/10/24
3:21:52,46831,0.08,46.831,76.872157331682,36921201884,2024-10-22 03:21:52.890206,22/10/24
3:22:39,46958,0.08,46.958,76.66425316240044,36921248842,2024-10-22 03:22:39.848206,22/10/24
3:23:26,46937,0.08,46.937,76.69855338006263,36921295779,2024-10-22 03:23:26.785206,22/10/24
3:24:13,47003,0.08,47.003,76.59085590281471,36921342782,2024-10-22 03:24:13.788206,22/10/24
3:25:0,46984,0.08,46.984,76.62182870764515,36921389766,2024-10-22 03:25:00.772206,22/10/24
3:25:47,46892,0.08,46.892,76.77215729762007,36921436658,2024-10-22 03:25:47.664206,22/10/24
3:26:34,47015,0.08,47.015,76.57130702967139,36921483673,2024-10-22 03:26:34.679206,22/10/24
3:27:21,46890,0.08,46.89,76.77543186180422,36921530563,2024-10-22 03:27:21.569206,22/10/24
3:28:8,46868,0.08,46.868,76.81147051292993,36921577431,2024-10-22 03:28:08.437206,22/10/24
3:28:55,46916,0.08,46.916,76.73288430386222,36921624347,2024-10-22 03:28:55.353206,22/10/24
3:29:42,47125,0.08,47.125,76.39257294429709,36921671472,2024-10-22 03:29:42.478206,22/10/24
3:30:31,48888,0.07,48.888,73.63770250368188,36921720360,2024-10-22 03:30:31.366206,22/10/24
3:31:20,48834,0.07,48.834,73.71913011426466,36921769194,2024-10-22 03:31:20.200206,22/10/24
3:32:9,48934,0.07,48.934,73.56847999346058,36921818128,2024-10-22 03:32:09.134206,22/10/24
3:32:58,49001,0.07,49.001,73.46788841044061,36921867129,2024-10-22 03:32:58.135206,22/10/24
3:33:45,47534,0.08,47.534,75.73526318003955,36921914663,2024-10-22 03:33:45.669206,22/10/24
3:34:32,46909,0.08,46.909,76.74433477584259,36921961572,2024-10-22 03:34:32.578206,22/10/24
3:35:19,47361,0.08,47.361,76.01190853233673,36922008933,2024-10-22 03:35:19.939206,22/10/24
3:36:7,47469,0.08,47.469,75.83896859002718,36922056402,2024-10-22 03:36:07.408206,22/10/24
3:36:54,47493,0.08,47.493,75.8006443054766,36922103895,2024-10-22 03:36:54.901206,22/10/24
3:37:42,47433,0.08,47.433,75.89652773385617,36922151328,2024-10-22 03:37:42.334206,22/10/24
3:38:29,47372,0.08,47.372,75.99425821160179,36922198700,2024-10-22 03:38:29.706206,22/10/24
3:39:17,47437,0.08,47.437,75.89012795918798,36922246137,2024-10-22 03:39:17.143206,22/10/24
3:40:4,47378,0.08,47.378,75.9846342184136,36922293515,2024-10-22 03:40:04.521206,22/10/24
3:40:51,47401,0.08,47.401,75.94776481508829,36922340916,2024-10-22 03:40:51.922206,22/10/24
3:41:39,47414,0.08,47.414,75.92694140971021,36922388330,2024-10-22 03:41:39.336206,22/10/24
3:42:26,47488,0.08,47.488,75.80862533692722,36922435818,2024-10-22 03:42:26.824206,22/10/24
3:43:14,47493,0.08,47.493,75.8006443054766,36922483311,2024-10-22 03:43:14.317206,22/10/24
3:44:1,47421,0.08,47.421,75.91573353577529,36922530732,2024-10-22 03:44:01.738206,22/10/24
3:44:49,47463,0.08,47.463,75.84855571708489,36922578195,2024-10-22 03:44:49.201206,22/10/24
3:45:38,49002,0.07,49.002,73.4663891269744,36922627197,2024-10-22 03:45:38.203206,22/10/24
3:46:27,48869,0.07,48.869,73.66633243978801,36922676066,2024-10-22 03:46:27.072206,22/10/24
3:47:15,48823,0.07,48.823,73.73573930319726,36922724889,2024-10-22 03:47:15.895206,22/10/24
3:48:4,48908,0.07,48.908,73.60758976036641,36922773797,2024-10-22 03:48:04.803206,22/10/24
3:48:53,48809,0.07,48.809,73.75688909832203,36922822606,2024-10-22 03:48:53.612206,22/10/24
3:49:41,47474,0.08,47.474,75.83098116863968,36922870080,2024-10-22 03:49:41.086206,22/10/24
3:50:27,46850,0.08,46.85,76.8409818569904,36922916930,2024-10-22 03:50:27.936206,22/10/24
3:51:14,46914,0.08,46.914,76.73615551860851,36922963844,2024-10-22 03:51:14.850206,22/10/24
3:52:1,46873,0.08,46.873,76.8032769398161,36923010717,2024-10-22 03:52:01.723206,22/10/24
3:52:48,46931,0.08,46.931,76.70835908035201,36923057648,2024-10-22 03:52:48.654206,22/10/24
3:53:35,46851,0.08,46.851,76.83934174297241,36923104499,2024-10-22 03:53:35.505206,22/10/24
3:54:22,46864,0.08,46.864,76.81802663024924,36923151363,2024-10-22 03:54:22.369206,22/10/24
3:55:9,46850,0.08,46.85,76.8409818569904,36923198213,2024-10-22 03:55:09.219206,22/10/24
3:55:56,46971,0.08,46.971,76.64303506418854,36923245184,2024-10-22 03:55:56.190206,22/10/24
3:56:43,46943,0.08,46.943,76.68875018639626,36923292127,2024-10-22 03:56:43.133206,22/10/24
3:57:30,46871,0.08,46.871,76.80655415928825,36923338998,2024-10-22 03:57:30.004206,22/10/24
3:58:15,45692,0.08,45.692,78.78840934955791,36923384690,2024-10-22 03:58:15.696206,22/10/24
3:59:0,44947,0.08,44.947,80.09433332591719,36923429637,2024-10-22 03:59:00.643206,22/10/24
3:59:46,45372,0.08,45.372,79.34408886537953,36923475009,2024-10-22 03:59:46.015206,22/10/24
4:0:32,46858,0.08,46.858,76.82786290494685,36923521867,2024-10-22 04:00:32.873206,22/10/24
4:1:18,45298,0.08,45.298,79.47370744845247,36923567165,2024-10-22 04:01:18.171206,22/10/24
4:2:3,45613,0.08,45.613,78.92486791046412,36923612778,2024-10-22 04:02:03.784206,22/10/24
4:2:49,45669,0.08,45.669,78.82808907574065,36923658447,2024-10-22 04:02:49.453206,22/10/24
4:3:34,45515,0.08,45.515,79.09480391079863,36923703962,2024-10-22 04:03:34.968206,22/10/24
4:4:20,45371,0.08,45.371,79.34583764959997,36923749333,2024-10-22 04:04:20.339206,22/10/24
4:5:5,45598,0.08,45.598,78.950831176806,36923794931,2024-10-22 04:05:05.937206,22/10/24
4:5:51,45524,0.08,45.524,79.07916703277392,36923840455,2024-10-22 04:05:51.461206,22/10/24
4:6:36,45400,0.08,45.4,79.29515418502203,36923885855,2024-10-22 04:06:36.861206,22/10/24
4:7:21,44496,0.08,44.496,80.90614886731392,36923930351,2024-10-22 04:07:21.357206,22/10/24
4:8:5,44514,0.08,44.514,80.87343307723413,36923974865,2024-10-22 04:08:05.871206,22/10/24
4:8:50,44652,0.08,44.652,80.6234883095942,36924019517,2024-10-22 04:08:50.523206,22/10/24
4:9:35,44576,0.08,44.576,80.76094759511845,36924064093,2024-10-22 04:09:35.099206,22/10/24
4:10:19,44431,0.08,44.431,81.02450991424907,36924108524,2024-10-22 04:10:19.530206,22/10/24
4:11:3,44416,0.08,44.416,81.05187319884726,36924152940,2024-10-22 04:11:03.946206,22/10/24
4:11:48,44430,0.08,44.43,81.02633355840648,36924197370,2024-10-22 04:11:48.376206,22/10/24
4:12:33,45596,0.08,45.596,78.95429423633652,36924242966,2024-10-22 04:12:33.972206,22/10/24
4:13:19,46000,0.08,46.0,78.26086956521739,36924288966,2024-10-22 04:13:19.972206,22/10/24
4:14:7,47565,0.08,47.565,75.68590350047303,36924336531,2024-10-22 04:14:07.537206,22/10/24
4:14:55,48214,0.07,48.214,74.66710913842452,36924384745,2024-10-22 04:14:55.751206,22/10/24
4:15:44,48795,0.07,48.795,73.77805102981863,36924433540,2024-10-22 04:15:44.546206,22/10/24
4:16:33,48724,0.07,48.724,73.88555947787538,36924482264,2024-10-22 04:16:33.270206,22/10/24
4:17:21,48630,0.07,48.63,74.02837754472547,36924530894,2024-10-22 04:17:21.900206,22/10/24
4:18:10,48742,0.07,48.742,73.8582741783267,36924579636,2024-10-22 04:18:10.642206,22/10/24
4:18:59,48440,0.07,48.44,74.31874483897606,36924628076,2024-10-22 04:18:59.082206,22/10/24
4:19:46,46965,0.08,46.965,76.65282657297988,36924675041,2024-10-22 04:19:46.047206,22/10/24
4:20:32,46627,0.08,46.627,77.20848435455852,36924721668,2024-10-22 04:20:32.674206,22/10/24
4:21:19,46616,0.08,46.616,77.22670327784452,36924768284,2024-10-22 04:21:19.290206,22/10/24
4:22:6,46725,0.08,46.725,77.04654895666131,36924815009,2024-10-22 04:22:06.015206,22/10/24
4:22:52,46725,0.08,46.725,77.04654895666131,36924861734,2024-10-22 04:22:52.740206,22/10/24
4:23:39,46698,0.08,46.698,77.09109597841449,36924908432,2024-10-22 04:23:39.438206,22/10/24
4:24:25,46474,0.08,46.474,77.46266729784395,36924954906,2024-10-22 04:24:25.912206,22/10/24
4:25:12,46223,0.08,46.223,77.88330484823572,36925001129,2024-10-22 04:25:12.135206,22/10/24
4:25:57,45821,0.08,45.821,78.56659610222387,36925046950,2024-10-22 04:25:57.956206,22/10/24
4:26:44,46565,0.08,46.565,77.31128530011812,36925093515,2024-10-22 04:26:44.521206,22/10/24
4:27:31,46737,0.08,46.737,77.02676680146351,36925140252,2024-10-22 04:27:31.258206,22/10/24
4:28:17,46643,0.08,46.643,77.18199944257445,36925186895,2024-10-22 04:28:17.901206,22/10/24
4:29:4,46746,0.08,46.746,77.01193685021178,36925233641,2024-10-22 04:29:04.647206,22/10/24
4:29:51,47233,0.08,47.233,76.21789850316516,36925280874,2024-10-22 04:29:51.880206,22/10/24
4:30:40,48604,0.07,48.604,74.06797794420213,36925329478,2024-10-22 04:30:40.484206,22/10/24
4:31:29,48757,0.07,48.757,73.83555181820046,36925378235,2024-10-22 04:31:29.241206,22/10/24
4:32:17,48669,0.07,48.669,73.96905627812365,36925426904,2024-10-22 04:32:17.910206,22/10/24
4:33:6,48759,0.07,48.759,73.83252322648127,36925475663,2024-10-22 04:33:06.669206,22/10/24
4:33:55,48754,0.07,48.754,73.84009517167821,36925524417,2024-10-22 04:33:55.423206,22/10/24
4:34:44,48721,0.07,48.721,73.89010898791075,36925573138,2024-10-22 04:34:44.144206,22/10/24
4:35:32,48652,0.07,48.652,73.99490257337828,36925621790,2024-10-22 04:35:32.796206,22/10/24
4:36:21,48720,0.07,48.72,73.89162561576354,36925670510,2024-10-22 04:36:21.516206,22/10/24
4:37:10,48706,0.07,48.706,73.91286494477066,36925719216,2024-10-22 04:37:10.222206,22/10/24
4:37:58,48756,0.07,48.756,73.83706620723603,36925767972,2024-10-22 04:37:58.978206,22/10/24
4:38:47,48875,0.07,48.875,73.65728900255755,36925816847,2024-10-22 04:38:47.853206,22/10/24
4:39:36,48636,0.07,48.636,74.01924500370096,36925865483,2024-10-22 04:39:36.489206,22/10/24
4:40:25,48777,0.07,48.777,73.80527707731103,36925914260,2024-10-22 04:40:25.266206,22/10/24
4:41:13,48631,0.07,48.631,74.02685529806091,36925962891,2024-10-22 04:41:13.897206,22/10/24
4:42:2,48794,0.07,48.794,73.77956306103209,36926011685,2024-10-22 04:42:02.691206,22/10/24
4:42:51,48804,0.07,48.804,73.76444553725105,36926060489,2024-10-22 04:42:51.495206,22/10/24
4:43:40,48678,0.07,48.678,73.95538025391348,36926109167,2024-10-22 04:43:40.173206,22/10/24
4:44:28,48774,0.07,48.774,73.80981670562184,36926157941,2024-10-22 04:44:28.947206,22/10/24
4:45:17,48799,0.07,48.799,73.7720035246624,36926206740,2024-10-22 04:45:17.746206,22/10/24
4:46:6,48821,0.07,48.821,73.73875995985334,36926255561,2024-10-22 04:46:06.567206,22/10/24
4:46:55,48758,0.07,48.758,73.83403749128348,36926304319,2024-10-22 04:46:55.325206,22/10/24
4:47:44,48782,0.07,48.782,73.7977122709196,36926353101,2024-10-22 04:47:44.107206,22/10/24
4:48:32,48738,0.07,48.738,73.8643358365136,36926401839,2024-10-22 04:48:32.845206,22/10/24
4:49:21,48789,0.07,48.789,73.78712414683638,36926450628,2024-10-22 04:49:21.634206,22/10/24
4:50:7,46138,0.08,46.138,78.02678919762452,36926496766,2024-10-22 04:50:07.772206,22/10/24
4:50:54,46862,0.08,46.862,76.82130510861678,36926543628,2024-10-22 04:50:54.634206,22/10/24
4:51:41,46709,0.08,46.709,77.07294097497271,36926590337,2024-10-22 04:51:41.343206,22/10/24
4:52:28,46802,0.08,46.802,76.91978975257467,36926637139,2024-10-22 04:52:28.145206,22/10/24
4:53:14,46785,0.08,46.785,76.94773966014748,36926683924,2024-10-22 04:53:14.930206,22/10/24
4:54:1,46831,0.08,46.831,76.872157331682,36926730755,2024-10-22 04:54:01.761206,22/10/24
4:54:48,46390,0.08,46.39,77.6029316663074,36926777145,2024-10-22 04:54:48.151206,22/10/24
4:55:34,46137,0.08,46.137,78.0284803953443,36926823282,2024-10-22 04:55:34.288206,22/10/24
4:56:20,46363,0.08,46.363,77.64812458210211,36926869645,2024-10-22 04:56:20.651206,22/10/24
4:57:6,46216,0.08,46.216,77.89510126363164,36926915861,2024-10-22 04:57:06.867206,22/10/24
4:57:53,46303,0.08,46.303,77.74874198216098,36926962164,2024-10-22 04:57:53.170206,22/10/24
4:58:39,46424,0.08,46.424,77.54609684645872,36927008588,2024-10-22 04:58:39.594206,22/10/24
4:59:26,46450,0.08,46.45,77.502691065662,36927055038,2024-10-22 04:59:26.044206,22/10/24
5:0:12,45982,0.08,45.982,78.29150537166717,36927101020,2024-10-22 05:00:12.026206,22/10/24
5:0:57,45815,0.08,45.815,78.57688529957437,36927146835,2024-10-22 05:00:57.841206,22/10/24
5:1:42,44971,0.08,44.971,80.05158880167218,36927191806,2024-10-22 05:01:42.812206,22/10/24
5:2:27,44829,0.08,44.829,80.30515960650472,36927236635,2024-10-22 05:02:27.641206,22/10/24
5:3:12,45232,0.08,45.232,79.58967102935975,36927281867,2024-10-22 05:03:12.873206,22/10/24
5:3:58,45249,0.08,45.249,79.5597692766691,36927327116,2024-10-22 05:03:58.122206,22/10/24
5:4:43,45256,0.08,45.256,79.5474633197808,36927372372,2024-10-22 05:04:43.378206,22/10/24
5:5:28,45251,0.08,45.251,79.55625290048839,36927417623,2024-10-22 05:05:28.629206,22/10/24
5:6:13,45289,0.08,45.289,79.48950076177438,36927462912,2024-10-22 05:06:13.918206,22/10/24
5:6:59,45122,0.08,45.122,79.7836975311378,36927508034,2024-10-22 05:06:59.040206,22/10/24
5:7:43,44295,0.08,44.295,81.27328140873688,36927552329,2024-10-22 05:07:43.335206,22/10/24
5:8:27,44410,0.08,44.41,81.06282368835848,36927596739,2024-10-22 05:08:27.745206,22/10/24
5:9:12,44337,0.08,44.337,81.19629203599702,36927641076,2024-10-22 05:09:12.082206,22/10/24
5:9:56,44349,0.08,44.349,81.17432185618615,36927685425,2024-10-22 05:09:56.431206,22/10/24
5:10:42,45707,0.08,45.707,78.7625527818496,36927731132,2024-10-22 05:10:42.138206,22/10/24
5:11:28,45939,0.08,45.939,78.36478808855222,36927777071,2024-10-22 05:11:28.077206,22/10/24
5:12:13,45677,0.08,45.677,78.8142828994899,36927822748,2024-10-22 05:12:13.754206,22/10/24
5:12:59,46163,0.08,46.163,77.98453306760825,36927868911,2024-10-22 05:12:59.917206,22/10/24
5:13:47,47370,0.08,47.37,75.99746675110829,36927916281,2024-10-22 05:13:47.287206,22/10/24
5:14:34,47404,0.08,47.404,75.94295840013501,36927963685,2024-10-22 05:14:34.691206,22/10/24
5:15:22,48134,0.07,48.134,74.79120787800723,36928011819,2024-10-22 05:15:22.825206,22/10/24
5:16:11,48671,0.07,48.671,73.96601672453822,36928060490,2024-10-22 05:16:11.496206,22/10/24
5:17:0,48525,0.07,48.525,74.1885625965997,36928109015,2024-10-22 05:17:00.021206,22/10/24
5:17:48,48597,0.07,48.597,74.07864683005124,36928157612,2024-10-22 05:17:48.618206,22/10/24
5:18:37,48548,0.07,48.548,74.15341517673231,36928206160,2024-10-22 05:18:37.166206,22/10/24
5:19:25,48277,0.07,48.277,74.56967085775835,36928254437,2024-10-22 05:19:25.443206,22/10/24
5:20:11,46244,0.08,46.244,77.84793702966871,36928300681,2024-10-22 05:20:11.687206,22/10/24
5:20:58,46620,0.08,46.62,77.22007722007721,36928347301,2024-10-22 05:20:58.307206,22/10/24
5:21:44,46640,0.08,46.64,77.18696397941682,36928393941,2024-10-22 05:21:44.947206,22/10/24
5:22:31,46543,0.08,46.543,77.34782888941409,36928440484,2024-10-22 05:22:31.490206,22/10/24
5:23:18,46690,0.08,46.69,77.10430499036197,36928487174,2024-10-22 05:23:18.180206,22/10/24
5:24:4,46588,0.08,46.588,77.27311754099769,36928533762,2024-10-22 05:24:04.768206,22/10/24
5:24:51,46660,0.08,46.66,77.15387912558937,36928580422,2024-10-22 05:24:51.428206,22/10/24
5:25:38,46704,0.08,46.704,77.08119218910586,36928627126,2024-10-22 05:25:38.132206,22/10/24
5:26:24,46695,0.08,46.695,77.0960488274976,36928673821,2024-10-22 05:26:24.827206,22/10/24
5:27:11,46538,0.08,46.538,77.35613906914779,36928720359,2024-10-22 05:27:11.365206,22/10/24
5:27:58,46667,0.08,46.667,77.14230612638481,36928767026,2024-10-22 05:27:58.032206,22/10/24
5:28:44,46640,0.08,46.64,77.18696397941682,36928813666,2024-10-22 05:28:44.672206,22/10/24
5:29:31,46715,0.08,46.715,77.063041849513,36928860381,2024-10-22 05:29:31.387206,22/10/24
5:30:19,48216,0.07,48.216,74.66401194624191,36928908597,2024-10-22 05:30:19.603206,22/10/24
5:31:8,48674,0.07,48.674,73.96145786251387,36928957271,2024-10-22 05:31:08.277206,22/10/24
5:31:57,48799,0.07,48.799,73.7720035246624,36929006070,2024-10-22 05:31:57.076206,22/10/24
5:32:45,48717,0.07,48.717,73.89617587289858,36929054787,2024-10-22 05:32:45.793206,22/10/24
5:33:34,48761,0.07,48.761,73.82949488320584,36929103548,2024-10-22 05:33:34.554206,22/10/24
5:34:23,48841,0.07,48.841,73.70856452570587,36929152389,2024-10-22 05:34:23.395206,22/10/24
5:35:12,48680,0.07,48.68,73.95234182415777,36929201069,2024-10-22 05:35:12.075206,22/10/24
5:36:0,48633,0.07,48.633,74.02381099253593,36929249702,2024-10-22 05:36:00.708206,22/10/24
5:36:49,48746,0.07,48.746,73.85221351495507,36929298448,2024-10-22 05:36:49.454206,22/10/24
5:37:38,48721,0.07,48.721,73.89010898791075,36929347169,2024-10-22 05:37:38.175206,22/10/24
5:38:26,48673,0.07,48.673,73.96297742074661,36929395842,2024-10-22 05:38:26.848206,22/10/24
5:39:15,48777,0.07,48.777,73.80527707731103,36929444619,2024-10-22 05:39:15.625206,22/10/24
5:40:4,48671,0.07,48.671,73.96601672453822,36929493290,2024-10-22 05:40:04.296206,22/10/24
5:40:53,48785,0.07,48.785,73.79317413139285,36929542075,2024-10-22 05:40:53.081206,22/10/24
5:41:41,48843,0.07,48.843,73.70554634236227,36929590918,2024-10-22 05:41:41.924206,22/10/24
5:42:30,48843,0.07,48.843,73.70554634236227,36929639761,2024-10-22 05:42:30.767206,22/10/24
5:43:19,48672,0.07,48.672,73.96449704142012,36929688433,2024-10-22 05:43:19.439206,22/10/24
5:44:8,48758,0.07,48.758,73.83403749128348,36929737191,2024-10-22 05:44:08.197206,22/10/24
5:44:56,48757,0.07,48.757,73.83555181820046,36929785948,2024-10-22 05:44:56.954206,22/10/24
5:45:45,48883,0.07,48.883,73.645234539615,36929834831,2024-10-22 05:45:45.837206,22/10/24
5:46:34,48821,0.07,48.821,73.73875995985334,36929883652,2024-10-22 05:46:34.658206,22/10/24
5:47:23,48801,0.07,48.801,73.76898014384952,36929932453,2024-10-22 05:47:23.459206,22/10/24
5:48:12,48927,0.07,48.927,73.57900545710957,36929981380,2024-10-22 05:48:12.386206,22/10/24
5:49:1,48896,0.07,48.896,73.62565445026178,36930030276,2024-10-22 05:49:01.282206,22/10/24
5:49:48,47107,0.08,47.107,76.42176321990362,36930077383,2024-10-22 05:49:48.389206,22/10/24
5:50:35,46802,0.08,46.802,76.91978975257467,36930124185,2024-10-22 05:50:35.191206,22/10/24
5:51:21,46708,0.08,46.708,77.07459107647512,36930170893,2024-10-22 05:51:21.899206,22/10/24
5:52:8,46881,0.08,46.881,76.79017085813015,36930217774,2024-10-22 05:52:08.780206,22/10/24
5:52:55,46937,0.08,46.937,76.69855338006263,36930264711,2024-10-22 05:52:55.717206,22/10/24
5:53:42,46870,0.08,46.87,76.80819287390655,36930311581,2024-10-22 05:53:42.587206,22/10/24
5:54:29,46819,0.08,46.819,76.89186014224994,36930358400,2024-10-22 05:54:29.406206,22/10/24
5:55:16,46829,0.08,46.829,76.87544043221081,36930405229,2024-10-22 05:55:16.235206,22/10/24
5:56:3,46917,0.08,46.917,76.73124880107424,36930452146,2024-10-22 05:56:03.152206,22/10/24
5:56:50,46878,0.08,46.878,76.79508511455266,36930499024,2024-10-22 05:56:50.030206,22/10/24
5:57:36,46947,0.08,46.947,76.68221611604575,36930545971,2024-10-22 05:57:36.977206,22/10/24
5:58:23,46827,0.08,46.827,76.8787238131847,36930592798,2024-10-22 05:58:23.804206,22/10/24
5:59:10,46830,0.08,46.83,76.87379884689302,36930639628,2024-10-22 05:59:10.634206,22/10/24
5:59:58,47616,0.08,47.616,75.60483870967742,36930687244,2024-10-22 05:59:58.250206,22/10/24
6:0:47,48996,0.07,48.996,73.47538574577517,36930736240,2024-10-22 06:00:47.246206,22/10/24
6:1:33,46678,0.08,46.678,77.12412699772912,36930782918,2024-10-22 06:01:33.924206,22/10/24
6:2:21,47209,0.08,47.209,76.25664597852105,36930830127,2024-10-22 06:02:21.133206,22/10/24
6:3:8,47595,0.08,47.595,75.63819728963126,36930877722,2024-10-22 06:03:08.728206,22/10/24
6:3:56,47609,0.08,47.609,75.61595496649794,36930925331,2024-10-22 06:03:56.337206,22/10/24
6:4:43,47606,0.08,47.606,75.62072007730119,36930972937,2024-10-22 06:04:43.943206,22/10/24
6:5:31,47737,0.08,47.737,75.41320149988479,36931020674,2024-10-22 06:05:31.680206,22/10/24
6:6:19,47601,0.08,47.601,75.62866326337682,36931068275,2024-10-22 06:06:19.281206,22/10/24
6:7:6,47645,0.08,47.645,75.55882044285865,36931115920,2024-10-22 06:07:06.926206,22/10/24
6:7:53,46708,0.08,46.708,77.07459107647512,36931162628,2024-10-22 06:07:53.634206,22/10/24
6:8:40,46676,0.08,46.676,77.12743165652584,36931209304,2024-10-22 06:08:40.310206,22/10/24
6:9:27,46717,0.08,46.717,77.0597427060813,36931256021,2024-10-22 06:09:27.027206,22/10/24
6:10:13,46399,0.08,46.399,77.58787904911743,36931302420,2024-10-22 06:10:13.426206,22/10/24
6:10:59,46512,0.08,46.512,77.39938080495357,36931348932,2024-10-22 06:10:59.938206,22/10/24
6:11:46,46496,0.08,46.496,77.4260151410874,36931395428,2024-10-22 06:11:46.434206,22/10/24
6:12:33,46632,0.08,46.632,77.20020586721564,36931442060,2024-10-22 06:12:33.066206,22/10/24
6:13:20,47295,0.08,47.295,76.11798287345385,36931489355,2024-10-22 06:13:20.361206,22/10/24
6:14:8,47812,0.08,47.812,75.29490504475864,36931537167,2024-10-22 06:14:08.173206,22/10/24
6:14:56,47827,0.08,47.827,75.27129027536748,36931584994,2024-10-22 06:14:56.000206,22/10/24
6:15:44,48441,0.07,48.441,74.31721062736112,36931633435,2024-10-22 06:15:44.441206,22/10/24
6:16:33,48879,0.07,48.879,73.65126127784939,36931682314,2024-10-22 06:16:33.320206,22/10/24
6:17:22,48875,0.07,48.875,73.65728900255755,36931731189,2024-10-22 06:17:22.195206,22/10/24
6:18:11,48872,0.07,48.872,73.66181044360779,36931780061,2024-10-22 06:18:11.067206,22/10/24
6:18:59,48765,0.07,48.765,73.82343894186404,36931828826,2024-10-22 06:18:59.832206,22/10/24
6:19:47,47196,0.08,47.196,76.27765064836004,36931876022,2024-10-22 06:19:47.028206,22/10/24
6:20:33,46719,0.08,46.719,77.05644384511655,36931922741,2024-10-22 06:20:33.747206,22/10/24
6:21:20,46826,0.08,46.826,76.88036560884979,36931969567,2024-10-22 06:21:20.573206,22/10/24
6:22:7,46815,0.08,46.815,76.8984299903877,36932016382,2024-10-22 06:22:07.388206,22/10/24
6:22:54,46964,0.08,46.964,76.65445873434972,36932063346,2024-10-22 06:22:54.352206,22/10/24
6:23:41,46932,0.08,46.932,76.7067246228586,36932110278,2024-10-22 06:23:41.284206,22/10/24
6:24:28,47023,0.08,47.023,76.55827999064287,36932157301,2024-10-22 06:24:28.307206,22/10/24
6:25:15,47017,0.08,47.017,76.56804985430801,36932204318,2024-10-22 06:25:15.324206,22/10/24
6:26:2,46975,0.08,46.975,76.63650878126663,36932251293,2024-10-22 06:26:02.299206,22/10/24
6:26:49,46919,0.08,46.919,76.7279780046463,36932298212,2024-10-22 06:26:49.218206,22/10/24
6:27:36,46824,0.08,46.824,76.88364941055869,36932345036,2024-10-22 06:27:36.042206,22/10/24
6:28:22,46771,0.08,46.771,76.97077248722499,36932391807,2024-10-22 06:28:22.813206,22/10/24
6:29:9,46964,0.08,46.964,76.65445873434972,36932438771,2024-10-22 06:29:09.777206,22/10/24
6:29:57,47584,0.08,47.584,75.65568258238063,36932486355,2024-10-22 06:29:57.361206,22/10/24
6:30:46,48995,0.07,48.995,73.47688539646903,36932535350,2024-10-22 06:30:46.356206,22/10/24
6:31:35,48991,0.07,48.991,73.48288461145924,36932584341,2024-10-22 06:31:35.347206,22/10/24
6:32:24,49026,0.07,49.026,73.43042467262269,36932633367,2024-10-22 06:32:24.373206,22/10/24
6:33:13,49159,0.07,49.159,73.23175817246079,36932682526,2024-10-22 06:33:13.532206,22/10/24
6:34:2,49031,0.07,49.031,73.42293650955519,36932731557,2024-10-22 06:34:02.563206,22/10/24
6:34:51,49088,0.07,49.088,73.33767926988266,36932780645,2024-10-22 06:34:51.651206,22/10/24
6:35:40,49162,0.07,49.162,73.22728936983849,36932829807,2024-10-22 06:35:40.813206,22/10/24
6:36:29,49060,0.07,49.06,73.37953526294334,36932878867,2024-10-22 06:36:29.873206,22/10/24
6:37:18,49049,0.07,49.049,73.3959917633387,36932927916,2024-10-22 06:37:18.922206,22/10/24
6:38:7,49042,0.07,49.042,73.40646792545165,36932976958,2024-10-22 06:38:07.964206,22/10/24
6:38:56,48987,0.07,48.987,73.48888480617306,36933025945,2024-10-22 06:38:56.951206,22/10/24
6:39:45,48935,0.07,48.935,73.56697660161439,36933074880,2024-10-22 06:39:45.886206,22/10/24
6:40:34,49015,0.07,49.015,73.44690400897684,36933123895,2024-10-22 06:40:34.901206,22/10/24
6:41:23,49043,0.07,49.043,73.40497114776828,36933172938,2024-10-22 06:41:23.944206,22/10/24
6:42:13,49176,0.07,49.176,73.20644216691069,36933222114,2024-10-22 06:42:13.120206,22/10/24
6:43:2,49107,0.07,49.107,73.30930417252122,36933271221,2024-10-22 06:43:02.227206,22/10/24
6:43:51,49154,0.07,49.154,73.23920738902225,36933320375,2024-10-22 06:43:51.381206,22/10/24
6:44:40,49146,0.07,49.146,73.25112928824319,36933369521,2024-10-22 06:44:40.527206,22/10/24
6:45:29,49167,0.07,49.167,73.21984257733845,36933418688,2024-10-22 06:45:29.694206,22/10/24
6:46:18,49087,0.07,49.087,73.33917330454092,36933467775,2024-10-22 06:46:18.781206,22/10/24
6:47:7,49184,0.07,49.184,73.19453480806766,36933516959,2024-10-22 06:47:07.965206,22/10/24
6:47:57,49039,0.07,49.039,73.41095862476804,36933565998,2024-10-22 06:47:57.004206,22/10/24
6:48:46,49246,0.07,49.246,73.10238394996549,36933615244,2024-10-22 06:48:46.250206,22/10/24
6:49:34,47937,0.08,47.937,75.09856686901558,36933663181,2024-10-22 06:49:34.187206,22/10/24
6:50:21,46996,0.08,46.996,76.60226402247,36933710177,2024-10-22 06:50:21.183206,22/10/24
6:51:8,47087,0.08,47.087,76.45422303395841,36933757264,2024-10-22 06:51:08.270206,22/10/24
6:51:55,47005,0.08,47.005,76.58759706414212,36933804269,2024-10-22 06:51:55.275206,22/10/24
6:52:42,47055,0.08,47.055,76.50621613006057,36933851324,2024-10-22 06:52:42.330206,22/10/24
6:53:29,47086,0.08,47.086,76.45584674850274,36933898410,2024-10-22 06:53:29.416206,22/10/24
6:54:16,47168,0.08,47.168,76.32293080054274,36933945578,2024-10-22 06:54:16.584206,22/10/24
6:55:3,47092,0.08,47.092,76.44610549562559,36933992670,2024-10-22 06:55:03.676206,22/10/24
6:55:50,47163,0.08,47.163,76.33102219960563,36934039833,2024-10-22 06:55:50.839206,22/10/24
6:56:37,47108,0.08,47.108,76.42014095270443,36934086941,2024-10-22 06:56:37.947206,22/10/24
6:57:25,47152,0.08,47.152,76.34882931795046,36934134093,2024-10-22 06:57:25.099206,22/10/24
6:58:12,47050,0.08,47.05,76.51434643995749,36934181143,2024-10-22 06:58:12.149206,22/10/24
6:58:59,47148,0.08,47.148,76.35530669381522,36934228291,2024-10-22 06:58:59.297206,22/10/24
6:59:46,47370,0.08,47.37,75.99746675110829,36934275661,2024-10-22 06:59:46.667206,22/10/24
7:0:35,49076,0.07,49.076,73.35561170429538,36934324737,2024-10-22 07:00:35.743206,22/10/24
7:1:23,47554,0.08,47.554,75.70341085923371,36934372291,2024-10-22 07:01:23.297206,22/10/24
7:2:10,47627,0.08,47.627,75.58737690805636,36934419918,2024-10-22 07:02:10.924206,22/10/24
7:2:58,47724,0.08,47.724,75.43374402816193,36934467642,2024-10-22 07:02:58.648206,22/10/24
7:3:46,47801,0.08,47.801,75.31223196167444,36934515443,2024-10-22 07:03:46.449206,22/10/24
7:4:34,47735,0.08,47.735,75.416361160574,36934563178,2024-10-22 07:04:34.184206,22/10/24
7:5:22,47839,0.08,47.839,75.25240912226427,36934611017,2024-10-22 07:05:22.023206,22/10/24
7:6:9,47831,0.08,47.831,75.2649955050072,36934658848,2024-10-22 07:06:09.854206,22/10/24
7:6:57,47835,0.08,47.835,75.25870178739417,36934706683,2024-10-22 07:06:57.689206,22/10/24
7:7:45,47366,0.08,47.366,76.00388464299286,36934754049,2024-10-22 07:07:45.055206,22/10/24
7:8:31,46603,0.08,46.603,77.24824582108448,36934800652,2024-10-22 07:08:31.658206,22/10/24
7:9:18,46761,0.08,46.761,76.9872329505357,36934847413,2024-10-22 07:09:18.419206,22/10/24
7:10:5,46660,0.08,46.66,77.15387912558937,36934894073,2024-10-22 07:10:05.079206,22/10/24
7:10:51,46712,0.08,46.712,77.06799109436547,36934940785,2024-10-22 07:10:51.791206,22/10/24
7:11:38,46762,0.08,46.762,76.98558658740002,36934987547,2024-10-22 07:11:38.553206,22/10/24
7:12:25,46742,0.08,46.742,77.01852723460699,36935034289,2024-10-22 07:12:25.295206,22/10/24
7:13:12,47173,0.08,47.173,76.31484111674051,36935081462,2024-10-22 07:13:12.468206,22/10/24
7:14:0,48110,0.07,48.11,74.82851797963002,36935129572,2024-10-22 07:14:00.578206,22/10/24
7:14:48,48084,0.07,48.084,74.86897928624906,36935177656,2024-10-22 07:14:48.662206,22/10/24
7:15:36,48216,0.07,48.216,74.66401194624191,36935225872,2024-10-22 07:15:36.878206,22/10/24
7:16:26,49316,0.07,49.316,72.99862113715629,36935275188,2024-10-22 07:16:26.194206,22/10/24
7:17:15,49221,0.07,49.221,73.13951362223442,36935324409,2024-10-22 07:17:15.415206,22/10/24
7:18:4,49176,0.07,49.176,73.20644216691069,36935373585,2024-10-22 07:18:04.591206,22/10/24
7:18:53,49313,0.07,49.313,73.00306207288139,36935422898,2024-10-22 07:18:53.904206,22/10/24
7:19:41,47918,0.08,47.918,75.12834425476856,36935470816,2024-10-22 07:19:41.822206,22/10/24
7:20:29,47246,0.08,47.246,76.19692672395547,36935518062,2024-10-22 07:20:29.068206,22/10/24
7:21:16,47247,0.08,47.247,76.19531398818972,36935565309,2024-10-22 07:21:16.315206,22/10/24
7:22:3,47219,0.08,47.219,76.2404964103433,36935612528,2024-10-22 07:22:03.534206,22/10/24
7:22:50,47309,0.08,47.309,76.09545752393836,36935659837,2024-10-22 07:22:50.843206,22/10/24
7:23:37,47126,0.08,47.126,76.39095191613971,36935706963,2024-10-22 07:23:37.969206,22/10/24
7:24:25,47043,0.08,47.043,76.52573177731011,36935754006,2024-10-22 07:24:25.012206,22/10/24
7:25:11,46925,0.08,46.925,76.7181672882259,36935800931,2024-10-22 07:25:11.937206,22/10/24
7:25:58,47018,0.08,47.018,76.56642137053895,36935847949,2024-10-22 07:25:58.955206,22/10/24
7:26:46,47070,0.08,47.07,76.48183556405354,36935895019,2024-10-22 07:26:46.025206,22/10/24
7:27:33,47268,0.08,47.268,76.16146230007617,36935942287,2024-10-22 07:27:33.293206,22/10/24
7:28:20,47291,0.08,47.291,76.12442113721427,36935989578,2024-10-22 07:28:20.584206,22/10/24
7:29:7,47256,0.08,47.256,76.18080243778567,36936036834,2024-10-22 07:29:07.840206,22/10/24
7:29:55,47773,0.08,47.773,75.35637284658698,36936084607,2024-10-22 07:29:55.613206,22/10/24
7:30:45,49463,0.07,49.463,72.78167519155733,36936134070,2024-10-22 07:30:45.076206,22/10/24
7:31:34,49347,0.07,49.347,72.95276308590188,36936183417,2024-10-22 07:31:34.423206,22/10/24
7:32:23,49410,0.07,49.41,72.85974499089254,36936232827,2024-10-22 07:32:23.833206,22/10/24
7:33:13,49310,0.07,49.31,73.00750354897586,36936282137,2024-10-22 07:33:13.143206,22/10/24
7:34:2,49542,0.07,49.542,72.66561705219813,36936331679,2024-10-22 07:34:02.685206,22/10/24
7:34:52,49338,0.07,49.338,72.96607077708866,36936381017,2024-10-22 07:34:52.023206,22/10/24
7:35:41,49395,0.07,49.395,72.88187063467963,36936430412,2024-10-22 07:35:41.418206,22/10/24
7:36:30,49502,0.07,49.502,72.72433437032848,36936479914,2024-10-22 07:36:30.920206,22/10/24
7:37:20,49359,0.07,49.359,72.9350270467392,36936529273,2024-10-22 07:37:20.279206,22/10/24
7:38:9,49370,0.07,49.37,72.91877658497063,36936578643,2024-10-22 07:38:09.649206,22/10/24
7:38:59,49471,0.07,49.471,72.76990560126134,36936628114,2024-10-22 07:38:59.120206,22/10/24
7:39:48,49222,0.07,49.222,73.13802771118606,36936677336,2024-10-22 07:39:48.342206,22/10/24
7:40:37,48996,0.07,48.996,73.47538574577517,36936726332,2024-10-22 07:40:37.338206,22/10/24
7:41:26,48829,0.07,48.829,73.72667881791558,36936775161,2024-10-22 07:41:26.167206,22/10/24
7:42:15,48928,0.07,48.928,73.5775016350556,36936824089,2024-10-22 07:42:15.095206,22/10/24
7:43:4,49113,0.07,49.113,73.30034817665384,36936873202,2024-10-22 07:43:04.208206,22/10/24
7:43:53,49134,0.07,49.134,73.26901941629015,36936922336,2024-10-22 07:43:53.342206,22/10/24
7:44:42,49086,0.07,49.086,73.34066740007334,36936971422,2024-10-22 07:44:42.428206,22/10/24
7:45:31,48985,0.07,48.985,73.49188527100132,36937020407,2024-10-22 07:45:31.413206,22/10/24
7:46:20,48957,0.07,48.957,73.53391751945585,36937069364,2024-10-22 07:46:20.370206,22/10/24
7:47:9,48924,0.07,48.924,73.58351729212656,36937118288,2024-10-22 07:47:09.294206,22/10/24
7:47:58,49009,0.07,49.009,73.4558958558632,36937167297,2024-10-22 07:47:58.303206,22/10/24
7:48:47,48966,0.07,48.966,73.52040191153046,36937216263,2024-10-22 07:48:47.269206,22/10/24
7:49:35,47943,0.08,47.943,75.0891683874601,36937264206,2024-10-22 07:49:35.212206,22/10/24
7:50:22,46931,0.08,46.931,76.70835908035201,36937311137,2024-10-22 07:50:22.143206,22/10/24
7:51:9,46961,0.08,46.961,76.65935563552735,36937358098,2024-10-22 07:51:09.104206,22/10/24
7:51:55,46830,0.08,46.83,76.87379884689302,36937404928,2024-10-22 07:51:55.934206,22/10/24
7:52:41,46010,0.08,46.01,78.24386003042817,36937450938,2024-10-22 07:52:41.944206,22/10/24
7:53:29,47176,0.08,47.176,76.3099881295574,36937498114,2024-10-22 07:53:29.120206,22/10/24
7:54:16,47111,0.08,47.111,76.41527456432681,36937545225,2024-10-22 07:54:16.231206,22/10/24
7:55:3,47142,0.08,47.142,76.36502481863306,36937592367,2024-10-22 07:55:03.373206,22/10/24
7:55:50,47140,0.08,47.14,76.36826474331778,36937639507,2024-10-22 07:55:50.513206,22/10/24
7:56:37,47106,0.08,47.106,76.42338555598013,36937686613,2024-10-22 07:56:37.619206,22/10/24
7:57:24,47016,0.08,47.016,76.5696784073507,36937733629,2024-10-22 07:57:24.635206,22/10/24
7:58:11,47088,0.08,47.088,76.4525993883792,36937780717,2024-10-22 07:58:11.723206,22/10/24
7:58:58,47100,0.08,47.1,76.43312101910828,36937827817,2024-10-22 07:58:58.823206,22/10/24
7:59:46,47326,0.08,47.326,76.06812323035963,36937875143,2024-10-22 07:59:46.149206,22/10/24
8:0:35,49261,0.07,49.261,73.0801242362112,36937924404,2024-10-22 08:00:35.410206,22/10/24
8:1:21,45910,0.08,45.91,78.41428882596384,36937970314,2024-10-22 08:01:21.320206,22/10/24
8:2:7,45867,0.08,45.867,78.48780168748773,36938016181,2024-10-22 08:02:07.187206,22/10/24
8:2:53,45838,0.08,45.838,78.53745800427593,36938062019,2024-10-22 08:02:53.025206,22/10/24
8:3:38,45974,0.08,45.974,78.30512898594858,36938107993,2024-10-22 08:03:38.999206,22/10/24
8:4:24,46000,0.08,46.0,78.26086956521739,36938153993,2024-10-22 08:04:24.999206,22/10/24
8:5:11,46051,0.08,46.051,78.17419817159237,36938200044,2024-10-22 08:05:11.050206,22/10/24
8:5:57,45954,0.08,45.954,78.33920877399139,36938245998,2024-10-22 08:05:57.004206,22/10/24
8:6:43,46155,0.08,46.155,77.99805004874878,36938292153,2024-10-22 08:06:43.159206,22/10/24
8:7:29,46031,0.08,46.031,78.20816406334862,36938338184,2024-10-22 08:07:29.190206,22/10/24
8:8:14,45398,0.08,45.398,79.29864751751178,36938383582,2024-10-22 08:08:14.588206,22/10/24
8:8:59,44792,0.08,44.792,80.37149490980532,36938428374,2024-10-22 08:08:59.380206,22/10/24
8:9:43,44583,0.08,44.583,80.7482672767647,36938472957,2024-10-22 08:09:43.963206,22/10/24
8:10:28,44990,0.08,44.99,80.01778172927317,36938517947,2024-10-22 08:10:28.953206,22/10/24
8:11:13,44885,0.08,44.885,80.20496825220006,36938562832,2024-10-22 08:11:13.838206,22/10/24
8:11:58,44973,0.08,44.973,80.04802881729037,36938607805,2024-10-22 08:11:58.811206,22/10/24
8:12:44,45335,0.08,45.335,79.4088452630418,36938653140,2024-10-22 08:12:44.146206,22/10/24
8:13:31,47689,0.08,47.689,75.48910650254776,36938700829,2024-10-22 08:13:31.835206,22/10/24
8:14:19,48033,0.07,48.033,74.94847292486416,36938748862,2024-10-22 08:14:19.868206,22/10/24
8:15:7,47960,0.08,47.96,75.06255212677232,36938796822,2024-10-22 08:15:07.828206,22/10/24
8:15:55,48030,0.07,48.03,74.9531542785759,36938844852,2024-10-22 08:15:55.858206,22/10/24
8:16:44,49111,0.07,49.111,73.30333326545988,36938893963,2024-10-22 08:16:44.969206,22/10/24
8:17:34,49149,0.07,49.149,73.24665812122322,36938943112,2024-10-22 08:17:34.118206,22/10/24
8:18:23,49256,0.07,49.256,73.08754263439987,36938992368,2024-10-22 08:18:23.374206,22/10/24
8:19:12,49275,0.07,49.275,73.05936073059361,36939041643,2024-10-22 08:19:12.649206,22/10/24
8:19:59,47159,0.08,47.159,76.33749655421022,36939088802,2024-10-22 08:19:59.808206,22/10/24
8:20:47,47194,0.08,47.194,76.28088316311396,36939135996,2024-10-22 08:20:47.002206,22/10/24
8:21:34,47248,0.08,47.248,76.19370132069082,36939183244,2024-10-22 08:21:34.250206,22/10/24
8:22:21,47259,0.08,47.259,76.17596648257475,36939230503,2024-10-22 08:22:21.509206,22/10/24
8:23:8,47201,0.08,47.201,76.26957055994576,36939277704,2024-10-22 08:23:08.710206,22/10/24
8:23:55,47087,0.08,47.087,76.45422303395841,36939324791,2024-10-22 08:23:55.797206,22/10/24
8:24:42,47165,0.08,47.165,76.32778543411428,36939371956,2024-10-22 08:24:42.962206,22/10/24
8:25:30,47145,0.08,47.145,76.36016544702514,36939419101,2024-10-22 08:25:30.107206,22/10/24
8:26:17,47192,0.08,47.192,76.28411595185625,36939466293,2024-10-22 08:26:17.299206,22/10/24
8:27:4,47080,0.08,47.08,76.46559048428207,36939513373,2024-10-22 08:27:04.379206,22/10/24
8:27:51,47239,0.08,47.239,76.20821778615128,36939560612,2024-10-22 08:27:51.618206,22/10/24
8:28:38,47162,0.08,47.162,76.33264068529749,36939607774,2024-10-22 08:28:38.780206,22/10/24
8:29:25,47076,0.08,47.076,76.47208768799388,36939654850,2024-10-22 08:29:25.856206,22/10/24
8:30:14,48363,0.07,48.363,74.43706966069102,36939703213,2024-10-22 08:30:14.219206,22/10/24
8:31:3,49042,0.07,49.042,73.40646792545165,36939752255,2024-10-22 08:31:03.261206,22/10/24
8:31:52,49245,0.07,49.245,73.10386841303685,36939801500,2024-10-22 08:31:52.506206,22/10/24
8:32:41,49265,0.07,49.265,73.07419060184715,36939850765,2024-10-22 08:32:41.771206,22/10/24
8:33:30,48959,0.07,48.959,73.53091362160175,36939899724,2024-10-22 08:33:30.730206,22/10/24
8:34:19,49112,0.07,49.112,73.30184069066624,36939948836,2024-10-22 08:34:19.842206,22/10/24
8:35:9,49314,0.07,49.314,73.00158170093685,36939998150,2024-10-22 08:35:09.156206,22/10/24
8:35:58,49328,0.07,49.328,72.98086279597794,36940047478,2024-10-22 08:35:58.484206,22/10/24
8:36:47,49457,0.07,49.457,72.7905048830297,36940096935,2024-10-22 08:36:47.941206,22/10/24
8:37:37,49155,0.07,49.155,73.2377174244736,36940146090,2024-10-22 08:37:37.096206,22/10/24
8:38:26,49284,0.07,49.284,73.04601899196494,36940195374,2024-10-22 08:38:26.380206,22/10/24
8:39:15,49328,0.07,49.328,72.98086279597794,36940244702,2024-10-22 08:39:15.708206,22/10/24
8:40:5,49405,0.07,49.405,72.8671187126809,36940294107,2024-10-22 08:40:05.113206,22/10/24
8:40:54,49219,0.07,49.219,73.14248562546985,36940343326,2024-10-22 08:40:54.332206,22/10/24
8:41:43,49282,0.07,49.282,73.04898340164766,36940392608,2024-10-22 08:41:43.614206,22/10/24
8:42:32,49353,0.07,49.353,72.9438939882074,36940441961,2024-10-22 08:42:32.967206,22/10/24
8:43:22,49370,0.07,49.37,72.91877658497063,36940491331,2024-10-22 08:43:22.337206,22/10/24
8:44:11,49263,0.07,49.263,73.07715729858108,36940540594,2024-10-22 08:44:11.600206,22/10/24
8:45:0,49281,0.07,49.281,73.05046569671882,36940589875,2024-10-22 08:45:00.881206,22/10/24
8:45:50,49370,0.07,49.37,72.91877658497063,36940639245,2024-10-22 08:45:50.251206,22/10/24
8:46:39,49323,0.07,49.323,72.98826105468038,36940688568,2024-10-22 08:46:39.574206,22/10/24
8:47:28,49395,0.07,49.395,72.88187063467963,36940737963,2024-10-22 08:47:28.969206,22/10/24
8:48:18,49255,0.07,49.255,73.0890264947721,36940787218,2024-10-22 08:48:18.224206,22/10/24
8:49:7,49363,0.07,49.363,72.92911694994227,36940836581,2024-10-22 08:49:07.587206,22/10/24
8:49:55,47581,0.08,47.581,75.66045270170866,36940884162,2024-10-22 08:49:55.168206,22/10/24
8:50:42,47272,0.08,47.272,76.15501776950414,36940931434,2024-10-22 08:50:42.440206,22/10/24
8:51:29,47357,0.08,47.357,76.01832886373714,36940978791,2024-10-22 08:51:29.797206,22/10/24
8:52:17,47343,0.08,47.343,76.04080856726443,36941026134,2024-10-22 08:52:17.140206,22/10/24
8:53:4,47582,0.08,47.582,75.65886259509898,36941073716,2024-10-22 08:53:04.722206,22/10/24
8:53:52,47464,0.08,47.464,75.84695769425248,36941121180,2024-10-22 08:53:52.186206,22/10/24
8:54:39,47397,0.08,47.397,75.95417431483006,36941168577,2024-10-22 08:54:39.583206,22/10/24
8:55:26,47415,0.08,47.415,75.92534008225245,36941215992,2024-10-22 08:55:26.998206,22/10/24
8:56:14,47470,0.08,47.47,75.83737097113966,36941263462,2024-10-22 08:56:14.468206,22/10/24
8:57:1,47434,0.08,47.434,75.89492768899945,36941310896,2024-10-22 08:57:01.902206,22/10/24
8:57:49,47488,0.08,47.488,75.80862533692722,36941358384,2024-10-22 08:57:49.390206,22/10/24
8:58:36,47344,0.08,47.344,76.03920243325447,36941405728,2024-10-22 08:58:36.734206,22/10/24
8:59:24,47627,0.08,47.627,75.58737690805636,36941453355,2024-10-22 08:59:24.361206,22/10/24
9:0:13,48697,0.07,48.697,73.92652524796189,36941502052,2024-10-22 09:00:13.058206,22/10/24
9:1:2,48982,0.07,48.982,73.4963864276673,36941551034,2024-10-22 09:01:02.040206,22/10/24
9:1:49,47911,0.08,47.911,75.13932082402789,36941598945,2024-10-22 09:01:49.951206,22/10/24
9:2:38,48327,0.07,48.327,74.49251970947917,36941647272,2024-10-22 09:02:38.278206,22/10/24
9:3:26,48468,0.07,48.468,74.27581084426838,36941695740,2024-10-22 09:03:26.746206,22/10/24
9:4:15,48491,0.07,48.491,74.24058072632035,36941744231,2024-10-22 09:04:15.237206,22/10/24
9:5:3,48411,0.07,48.411,74.36326454731363,36941792642,2024-10-22 09:05:03.648206,22/10/24
9:5:52,48494,0.07,48.494,74.23598795727307,36941841136,2024-10-22 09:05:52.142206,22/10/24
9:6:40,48507,0.07,48.507,74.21609252272867,36941889643,2024-10-22 09:06:40.649206,22/10/24
9:7:29,48418,0.07,48.418,74.35251352802676,36941938061,2024-10-22 09:07:29.067206,22/10/24
9:8:17,48151,0.07,48.151,74.76480239247368,36941986212,2024-10-22 09:08:17.218206,22/10/24
9:9:4,47359,0.08,47.359,76.01511856246965,36942033571,2024-10-22 09:09:04.577206,22/10/24
9:9:52,48069,0.07,48.069,74.89234225800412,36942081640,2024-10-22 09:09:52.646206,22/10/24
9:10:39,47179,0.08,47.179,76.30513575955403,36942128819,2024-10-22 09:10:39.825206,22/10/24
9:11:27,47396,0.08,47.396,75.95577685880664,36942176215,2024-10-22 09:11:27.221206,22/10/24
9:12:15,48330,0.07,48.33,74.487895716946,36942224545,2024-10-22 09:12:15.551206,22/10/24
9:13:4,49168,0.07,49.168,73.21835340058574,36942273713,2024-10-22 09:13:04.719206,22/10/24
9:13:53,49225,0.07,49.225,73.13357034027425,36942322938,2024-10-22 09:13:53.944206,22/10/24
9:14:43,49301,0.07,49.301,73.02083122046206,36942372239,2024-10-22 09:14:43.245206,22/10/24
9:15:32,49140,0.07,49.14,73.26007326007326,36942421379,2024-10-22 09:15:32.385206,22/10/24
9:16:21,49409,0.07,49.409,72.86121961585945,36942470788,2024-10-22 09:16:21.794206,22/10/24
9:17:13,51209,0.07,51.209,70.30014255306685,36942521997,2024-10-22 09:17:13.003206,22/10/24
9:18:4,51693,0.07,51.693,69.64192443851198,36942573690,2024-10-22 09:18:04.696206,22/10/24
9:18:55,50892,0.07,50.892,70.73803348266918,36942624582,2024-10-22 09:18:55.588206,22/10/24
9:19:44,49231,0.07,49.231,73.12465722816924,36942673813,2024-10-22 09:19:44.819206,22/10/24
9:20:33,48360,0.07,48.36,74.44168734491315,36942722173,2024-10-22 09:20:33.179206,22/10/24
9:21:21,48468,0.07,48.468,74.27581084426838,36942770641,2024-10-22 09:21:21.647206,22/10/24
9:22:9,48328,0.07,48.328,74.49097831484853,36942818969,2024-10-22 09:22:09.975206,22/10/24
9:22:59,49184,0.07,49.184,73.19453480806766,36942868153,2024-10-22 09:22:59.159206,22/10/24
9:23:46,47620,0.08,47.62,75.5984880302394,36942915773,2024-10-22 09:23:46.779206,22/10/24
9:24:33,46887,0.08,46.887,76.78034423187664,36942962660,2024-10-22 09:24:33.666206,22/10/24
9:25:20,46915,0.08,46.915,76.73451987637216,36943009575,2024-10-22 09:25:20.581206,22/10/24
9:26:7,47091,0.08,47.091,76.44772886538829,36943056666,2024-10-22 09:26:07.672206,22/10/24
9:26:55,47687,0.08,47.687,75.49227252710382,36943104353,2024-10-22 09:26:55.359206,22/10/24
9:27:43,47977,0.08,47.977,75.03595472830732,36943152330,2024-10-22 09:27:43.336206,22/10/24
9:28:30,47649,0.08,47.649,75.55247749165775,36943199979,2024-10-22 09:28:30.985206,22/10/24
9:29:18,47041,0.08,47.041,76.52898535320253,36943247020,2024-10-22 09:29:18.026206,22/10/24
9:30:5,47778,0.08,47.778,75.34848675122441,36943294798,2024-10-22 09:30:05.804206,22/10/24
9:30:54,48971,0.07,48.971,73.51289538706581,36943343769,2024-10-22 09:30:54.775206,22/10/24
9:31:43,48932,0.07,48.932,73.57148696149758,36943392701,2024-10-22 09:31:43.707206,22/10/24
9:32:32,49094,0.07,49.094,73.3287163400823,36943441795,2024-10-22 09:32:32.801206,22/10/24
9:33:22,49202,0.07,49.202,73.16775740823543,36943490997,2024-10-22 09:33:22.003206,22/10/24
9:34:12,50239,0.07,50.239,71.6574772587034,36943541236,2024-10-22 09:34:12.242206,22/10/24
9:35:2,50074,0.07,50.074,71.89359747573592,36943591310,2024-10-22 09:35:02.316206,22/10/24
9:35:53,51471,0.07,51.471,69.94229760447631,36943642781,2024-10-22 09:35:53.787206,22/10/24
9:36:45,51561,0.07,51.561,69.82021295164951,36943694342,2024-10-22 09:36:45.348206,22/10/24
9:37:36,51090,0.07,51.09,70.46388725778039,36943745432,2024-10-22 09:37:36.438206,22/10/24
9:38:27,51025,0.07,51.025,70.55365017148456,36943796457,2024-10-22 09:38:27.463206,22/10/24
9:39:17,50267,0.07,50.267,71.61756221775718,36943846724,2024-10-22 09:39:17.730206,22/10/24
9:40:8,50400,0.07,50.4,71.42857142857143,36943897124,2024-10-22 09:40:08.130206,22/10/24
9:40:58,50441,0.07,50.441,71.3705120834242,36943947565,2024-10-22 09:40:58.571206,22/10/24
9:41:49,50592,0.07,50.592,71.15749525616698,36943998157,2024-10-22 09:41:49.163206,22/10/24
9:42:40,51467,0.07,51.467,69.94773349913537,36944049624,2024-10-22 09:42:40.630206,22/10/24
9:43:32,51418,0.07,51.418,70.01439184721303,36944101042,2024-10-22 09:43:32.048206,22/10/24
9:44:23,51440,0.07,51.44,69.98444790046656,36944152482,2024-10-22 09:44:23.488206,22/10/24
9:45:14,51486,0.07,51.486,69.92192052208367,36944203968,2024-10-22 09:45:14.974206,22/10/24
9:46:6,51518,0.07,51.518,69.87848907178073,36944255486,2024-10-22 09:46:06.492206,22/10/24
9:46:57,50991,0.07,50.991,70.60069424016002,36944306477,2024-10-22 09:46:57.483206,22/10/24
9:47:47,50489,0.07,50.489,71.30265998534334,36944356966,2024-10-22 09:47:47.972206,22/10/24
9:48:38,50707,0.07,50.707,70.99611493482162,36944407673,2024-10-22 09:48:38.679206,22/10/24
9:49:30,51340,0.07,51.34,70.12076353720296,36944459013,2024-10-22 09:49:30.019206,22/10/24
9:50:18,48567,0.07,48.567,74.12440546049787,36944507580,2024-10-22 09:50:18.586206,22/10/24
9:51:7,49364,0.07,49.364,72.92763957539907,36944556944,2024-10-22 09:51:07.950206,22/10/24
9:51:57,49261,0.07,49.261,73.0801242362112,36944606205,2024-10-22 09:51:57.211206,22/10/24
9:52:46,49296,0.07,49.296,73.0282375851996,36944655501,2024-10-22 09:52:46.507206,22/10/24
9:53:35,49342,0.07,49.342,72.96015564833205,36944704843,2024-10-22 09:53:35.849206,22/10/24
9:54:25,49227,0.07,49.227,73.13059906149064,36944754070,2024-10-22 09:54:25.076206,22/10/24
9:55:14,49243,0.07,49.243,73.10683752005362,36944803313,2024-10-22 09:55:14.319206,22/10/24
9:56:3,49267,0.07,49.267,73.07122414598007,36944852580,2024-10-22 09:56:03.586206,22/10/24
9:56:52,49378,0.07,49.378,72.90696261492972,36944901958,2024-10-22 09:56:52.964206,22/10/24
9:57:42,49354,0.07,49.354,72.94241601491267,36944951312,2024-10-22 09:57:42.318206,22/10/24
9:58:31,49210,0.07,49.21,73.15586262954685,36945000522,2024-10-22 09:58:31.528206,22/10/24
9:59:20,49317,0.07,49.317,72.99714094531298,36945049839,2024-10-22 09:59:20.845206,22/10/24
10:0:11,50455,0.07,50.455,71.3507085521752,36945100294,2024-10-22 10:00:11.300206,22/10/24
10:1:1,50623,0.07,50.623,71.11392054994765,36945150917,2024-10-22 10:01:01.923206,22/10/24
10:1:51,49743,0.07,49.743,72.37199203908088,36945200660,2024-10-22 10:01:51.666206,22/10/24
10:2:41,50103,0.07,50.103,71.85198491108316,36945250763,2024-10-22 10:02:41.769206,22/10/24
10:3:31,50115,0.07,50.115,71.83478000598623,36945300878,2024-10-22 10:03:31.884206,22/10/24
10:4:21,49969,0.07,49.969,72.04466769397027,36945350847,2024-10-22 10:04:21.853206,22/10/24
10:5:11,50012,0.07,50.012,71.98272414620492,36945400859,2024-10-22 10:05:11.865206,22/10/24
10:6:1,49956,0.07,49.956,72.0634158059092,36945450815,2024-10-22 10:06:01.821206,22/10/24
10:6:52,50251,0.07,50.251,71.64036536586336,36945501066,2024-10-22 10:06:52.072206,22/10/24
10:7:42,50090,0.07,50.09,71.87063286085046,36945551156,2024-10-22 10:07:42.162206,22/10/24
10:8:32,50118,0.07,50.118,71.83048006704178,36945601274,2024-10-22 10:08:32.280206,22/10/24
10:9:21,48812,0.07,48.812,73.75235597803818,36945650086,2024-10-22 10:09:21.092206,22/10/24
10:10:9,48751,0.07,48.751,73.84463908432647,36945698837,2024-10-22 10:10:09.843206,22/10/24
10:10:58,48571,0.07,48.571,74.11830104383274,36945747408,2024-10-22 10:10:58.414206,22/10/24
10:11:46,48374,0.07,48.374,74.42014305205275,36945795782,2024-10-22 10:11:46.788206,22/10/24
10:12:36,49409,0.07,49.409,72.86121961585945,36945845191,2024-10-22 10:12:36.197206,22/10/24
10:13:25,49787,0.07,49.787,72.30803221724547,36945894978,2024-10-22 10:13:25.984206,22/10/24
10:14:15,49845,0.07,49.845,72.22389407162203,36945944823,2024-10-22 10:14:15.829206,22/10/24
10:15:5,49805,0.07,49.805,72.28189940768999,36945994628,2024-10-22 10:15:05.634206,22/10/24
10:15:55,49913,0.07,49.913,72.12549836715885,36946044541,2024-10-22 10:15:55.547206,22/10/24
10:16:45,50149,0.07,50.149,71.78607748908253,36946094690,2024-10-22 10:16:45.696206,22/10/24
10:17:37,51326,0.07,51.326,70.13989011417216,36946146016,2024-10-22 10:17:37.022206,22/10/24
10:18:28,51425,0.07,51.425,70.00486144871172,36946197441,2024-10-22 10:18:28.447206,22/10/24
10:19:19,51320,0.07,51.32,70.14809041309431,36946248761,2024-10-22 10:19:19.767206,22/10/24
10:20:8,48763,0.07,48.763,73.82646678834362,36946297524,2024-10-22 10:20:08.530206,22/10/24
10:20:57,48937,0.07,48.937,73.56397000224779,36946346461,2024-10-22 10:20:57.467206,22/10/24
10:21:46,48959,0.07,48.959,73.53091362160175,36946395420,2024-10-22 10:21:46.426206,22/10/24
10:22:35,49071,0.07,49.071,73.36308614049031,36946444491,2024-10-22 10:22:35.497206,22/10/24
10:23:24,48876,0.07,48.876,73.65578197888534,36946493367,2024-10-22 10:23:24.373206,22/10/24
10:24:13,48836,0.07,48.836,73.71611106560734,36946542203,2024-10-22 10:24:13.209206,22/10/24
10:24:48,35355,0.1,35.355,101.82435299109036,36946577558,2024-10-22 10:24:48.564206,22/10/24
10:25:4,16248,0.22,16.248,221.56573116691285,36946593806,2024-10-22 10:25:04.812206,22/10/24
10:25:52,47737,0.08,47.737,75.41320149988479,36946641543,2024-10-22 10:25:52.549206,22/10/24
10:26:41,48836,0.07,48.836,73.71611106560734,36946690379,2024-10-22 10:26:41.385206,22/10/24
10:27:26,45548,0.08,45.548,79.03749890225696,36946735927,2024-10-22 10:27:26.933206,22/10/24
10:28:0,33172,0.11,33.172,108.52526226938382,36946769099,2024-10-22 10:28:00.105206,22/10/24
10:28:32,32748,0.11,32.748,109.93037742762917,36946801847,2024-10-22 10:28:32.853206,22/10/24
10:29:3,30191,0.12,30.191,119.24083336093538,36946832038,2024-10-22 10:29:03.044206,22/10/24
10:29:33,30603,0.12,30.603,117.6355259288305,36946862641,2024-10-22 10:29:33.647206,22/10/24
10:30:4,30911,0.12,30.911,116.46339490796157,36946893552,2024-10-22 10:30:04.558206,22/10/24
10:30:35,30606,0.12,30.606,117.62399529504019,36946924158,2024-10-22 10:30:35.164206,22/10/24
10:31:6,30999,0.12,30.999,116.13277847672505,36946955157,2024-10-22 10:31:06.163206,22/10/24
10:31:37,31040,0.12,31.04,115.97938144329896,36946986197,2024-10-22 10:31:37.203206,22/10/24
10:32:8,30962,0.12,30.962,116.27155868483948,36947017159,2024-10-22 10:32:08.165206,22/10/24
10:32:39,30898,0.12,30.898,116.51239562431225,36947048057,2024-10-22 10:32:39.063206,22/10/24
10:33:9,30500,0.12,30.5,118.0327868852459,36947078557,2024-10-22 10:33:09.563206,22/10/24
10:33:39,30076,0.12,30.076,119.69676818725894,36947108633,2024-10-22 10:33:39.639206,22/10/24
10:34:9,30279,0.12,30.279,118.89428316655108,36947138912,2024-10-22 10:34:09.918206,22/10/24
10:34:39,29686,0.12,29.686,121.26928518493565,36947168598,2024-10-22 10:34:39.604206,22/10/24
10:35:8,29243,0.12,29.243,123.10638443388162,36947197841,2024-10-22 10:35:08.847206,22/10/24
10:35:38,29544,0.12,29.544,121.85215272136475,36947227385,2024-10-22 10:35:38.391206,22/10/24
10:36:8,30114,0.12,30.114,119.54572624028691,36947257499,2024-10-22 10:36:08.505206,22/10/24
10:36:38,29914,0.12,29.914,120.34498896837601,36947287413,2024-10-22 10:36:38.419206,22/10/24
10:37:8,29875,0.12,29.875,120.5020920502092,36947317288,2024-10-22 10:37:08.294206,22/10/24
10:37:38,29961,0.12,29.961,120.15620306398318,36947347249,2024-10-22 10:37:38.255206,22/10/24
10:38:8,30519,0.12,30.519,117.95930404010616,36947377768,2024-10-22 10:38:08.774206,22/10/24
10:38:38,29693,0.12,29.693,121.24069646044522,36947407461,2024-10-22 10:38:38.467206,22/10/24
10:39:7,29370,0.12,29.37,122.57405515832482,36947436831,2024-10-22 10:39:07.837206,22/10/24
10:39:24,16472,0.22,16.472,218.5526954832443,36947453303,2024-10-22 10:39:24.309206,22/10/24
10:39:43,19677,0.18,19.677,182.95471870711998,36947472980,2024-10-22 10:39:43.986206,22/10/24
10:40:3,19630,0.18,19.63,183.39276617422314,36947492610,2024-10-22 10:40:03.616206,22/10/24
10:40:23,19818,0.18,19.818,181.65304268846504,36947512428,2024-10-22 10:40:23.434206,22/10/24
10:40:42,19262,0.19,19.262,186.89648011629114,36947531690,2024-10-22 10:40:42.696206,22/10/24
10:41:1,18891,0.19,18.891,190.56693663649358,36947550581,2024-10-22 10:41:01.587206,22/10/24
10:41:20,18965,0.19,18.965,189.82335881887687,36947569546,2024-10-22 10:41:20.552206,22/10/24
10:41:39,18620,0.19,18.62,193.3404940923738,36947588166,2024-10-22 10:41:39.172206,22/10/24
10:41:57,18573,0.19,18.573,193.82975286706508,36947606739,2024-10-22 10:41:57.745206,22/10/24
10:42:16,18620,0.19,18.62,193.3404940923738,36947625359,2024-10-22 10:42:16.365206,22/10/24
10:42:34,18139,0.2,18.139,198.46739070511055,36947643498,2024-10-22 10:42:34.504206,22/10/24
10:42:52,18249,0.2,18.249,197.27108334703271,36947661747,2024-10-22 10:42:52.753206,22/10/24
10:43:10,18157,0.2,18.157,198.27063942281214,36947679904,2024-10-22 10:43:10.910206,22/10/24
10:43:28,17789,0.2,17.789,202.37225251559954,36947697693,2024-10-22 10:43:28.699206,22/10/24
10:43:45,17262,0.21,17.262,208.55057351407717,36947714955,2024-10-22 10:43:45.961206,22/10/24
10:44:3,17937,0.2,17.937,200.70245860511793,36947732892,2024-10-22 10:44:03.898206,22/10/24
10:44:21,18088,0.2,18.088,199.02697921273773,36947750980,2024-10-22 10:44:21.986206,22/10/24
10:44:40,18142,0.2,18.142,198.43457171204938,36947769122,2024-10-22 10:44:40.128206,22/10/24
10:44:58,18048,0.2,18.048,199.46808510638297,36947787170,2024-10-22 10:44:58.176206,22/10/24
10:45:16,18118,0.2,18.118,198.69742797218237,36947805288,2024-10-22 10:45:16.294206,22/10/24
10:45:34,17825,0.2,17.825,201.96353436185134,36947823113,2024-10-22 10:45:34.119206,22/10/24
10:45:51,17752,0.2,17.752,202.79405137449302,36947840865,2024-10-22 10:45:51.871206,22/10/24
10:46:9,17732,0.2,17.732,203.02278366794496,36947858597,2024-10-22 10:46:09.603206,22/10/24
10:46:27,17827,0.2,17.827,201.94087619902396,36947876424,2024-10-22 10:46:27.430206,22/10/24
10:46:45,17829,0.2,17.829,201.91822311963654,36947894253,2024-10-22 10:46:45.259206,22/10/24
10:47:3,17983,0.2,17.983,200.18906745259412,36947912236,2024-10-22 10:47:03.242206,22/10/24
10:47:21,18156,0.2,18.156,198.28155981493722,36947930392,2024-10-22 10:47:21.398206,22/10/24
10:47:39,18242,0.2,18.242,197.34678215107994,36947948634,2024-10-22 10:47:39.640206,22/10/24
10:47:57,18287,0.2,18.287,196.86115819981407,36947966921,2024-10-22 10:47:57.927206,22/10/24
10:48:16,18241,0.2,18.241,197.3576010087166,36947985162,2024-10-22 10:48:16.168206,22/10/24
10:48:34,18321,0.2,18.321,196.49582446373014,36948003483,2024-10-22 10:48:34.489206,22/10/24
10:48:52,18388,0.19,18.388,195.7798564281053,36948021871,2024-10-22 10:48:52.877206,22/10/24
10:49:11,18435,0.19,18.435,195.2807160292921,36948040306,2024-10-22 10:49:11.312206,22/10/24
10:49:29,18600,0.19,18.6,193.5483870967742,36948058906,2024-10-22 10:49:29.912206,22/10/24
10:49:48,18545,0.19,18.545,194.1224049609059,36948077451,2024-10-22 10:49:48.457206,22/10/24
10:50:7,18844,0.19,18.844,191.042241562301,36948096295,2024-10-22 10:50:07.301206,22/10/24
10:50:26,18838,0.19,18.838,191.10308949994692,36948115133,2024-10-22 10:50:26.139206,22/10/24
10:50:44,18832,0.19,18.832,191.1639762107052,36948133965,2024-10-22 10:50:44.971206,22/10/24
10:51:3,18821,0.19,18.821,191.27570267254663,36948152786,2024-10-22 10:51:03.792206,22/10/24
10:51:22,18966,0.19,18.966,189.81335020563114,36948171752,2024-10-22 10:51:22.758206,22/10/24
10:51:41,19031,0.19,19.031,189.16504650307394,36948190783,2024-10-22 10:51:41.789206,22/10/24
10:52:0,19052,0.19,19.052,188.95653999580097,36948209835,2024-10-22 10:52:00.841206,22/10/24
10:52:20,19176,0.19,19.176,187.7346683354193,36948229011,2024-10-22 10:52:20.017206,22/10/24
10:52:39,19224,0.19,19.224,187.26591760299627,36948248235,2024-10-22 10:52:39.241206,22/10/24
10:52:58,19538,0.18,19.538,184.25632101545705,36948267773,2024-10-22 10:52:58.779206,22/10/24
10:53:18,19630,0.18,19.63,183.39276617422314,36948287403,2024-10-22 10:53:18.409206,22/10/24
10:53:38,19681,0.18,19.681,182.91753467811594,36948307084,2024-10-22 10:53:38.090206,22/10/24
10:53:57,19709,0.18,19.709,182.6576690851895,36948326793,2024-10-22 10:53:57.799206,22/10/24
10:54:17,19884,0.18,19.884,181.05009052504525,36948346677,2024-10-22 10:54:17.683206,22/10/24
10:54:37,19876,0.18,19.876,181.12296236667336,36948366553,2024-10-22 10:54:37.559206,22/10/24
10:54:57,19637,0.18,19.637,183.32739216784643,36948386190,2024-10-22 10:54:57.196206,22/10/24
10:55:16,19527,0.18,19.527,184.36011676140728,36948405717,2024-10-22 10:55:16.723206,22/10/24
10:55:36,19860,0.18,19.86,181.2688821752266,36948425577,2024-10-22 10:55:36.583206,22/10/24
10:55:56,20147,0.18,20.147,178.6866530997171,36948445724,2024-10-22 10:55:56.730206,22/10/24
10:56:16,20126,0.18,20.126,178.8730994733181,36948465850,2024-10-22 10:56:16.856206,22/10/24
10:56:37,20205,0.18,20.205,178.17371937639197,36948486055,2024-10-22 10:56:37.061206,22/10/24
10:56:57,20152,0.18,20.152,178.64231838030966,36948506207,2024-10-22 10:56:57.213206,22/10/24
10:57:17,20362,0.18,20.362,176.79992142225714,36948526569,2024-10-22 10:57:17.575206,22/10/24
10:57:37,20367,0.18,20.367,176.75651789659744,36948546936,2024-10-22 10:57:37.942206,22/10/24
10:57:58,20410,0.18,20.41,176.38412542871143,36948567346,2024-10-22 10:57:58.352206,22/10/24
10:58:18,20429,0.18,20.429,176.2200792990357,36948587775,2024-10-22 10:58:18.781206,22/10/24
10:58:39,20465,0.17,20.465,175.9100903982409,36948608240,2024-10-22 10:58:39.246206,22/10/24
10:58:59,20376,0.18,20.376,176.67844522968198,36948628616,2024-10-22 10:58:59.622206,22/10/24
10:59:20,20546,0.17,20.546,175.21658717025213,36948649162,2024-10-22 10:59:20.168206,22/10/24
10:59:40,20632,0.17,20.632,174.48623497479645,36948669794,2024-10-22 10:59:40.800206,22/10/24
11:0:1,20527,0.17,20.527,175.37876942563452,36948690321,2024-10-22 11:00:01.327206,22/10/24
11:0:21,20594,0.17,20.594,174.80819656210548,36948710915,2024-10-22 11:00:21.921206,22/10/24
11:0:42,20686,0.17,20.686,174.03074543169294,36948731601,2024-10-22 11:00:42.607206,22/10/24
11:1:2,20236,0.18,20.236,177.90077090334057,36948751837,2024-10-22 11:01:02.843206,22/10/24
11:1:23,20286,0.18,20.286,177.4622892635315,36948772123,2024-10-22 11:01:23.129206,22/10/24
11:1:43,20460,0.17,20.46,175.95307917888562,36948792583,2024-10-22 11:01:43.589206,22/10/24
11:2:4,20437,0.18,20.437,176.15109849782257,36948813020,2024-10-22 11:02:04.026206,22/10/24
11:2:24,20634,0.17,20.634,174.46932247746437,36948833654,2024-10-22 11:02:24.660206,22/10/24
11:2:45,20551,0.17,20.551,175.17395747165588,36948854205,2024-10-22 11:02:45.211206,22/10/24
11:3:5,20537,0.17,20.537,175.2933729366509,36948874742,2024-10-22 11:03:05.748206,22/10/24
11:3:26,20540,0.17,20.54,175.26777020447906,36948895282,2024-10-22 11:03:26.288206,22/10/24
11:3:46,20454,0.18,20.454,176.00469345849223,36948915736,2024-10-22 11:03:46.742206,22/10/24
11:4:7,20788,0.17,20.788,173.176832788147,36948936524,2024-10-22 11:04:07.530206,22/10/24
11:4:28,20895,0.17,20.895,172.29002153625268,36948957419,2024-10-22 11:04:28.425206,22/10/24
11:4:48,20426,0.18,20.426,176.24596103005973,36948977845,2024-10-22 11:04:48.851206,22/10/24
11:5:9,20627,0.17,20.627,174.5285305667329,36948998472,2024-10-22 11:05:09.478206,22/10/24
11:5:30,20810,0.17,20.81,172.99375300336376,36949019282,2024-10-22 11:05:30.288206,22/10/24
11:5:51,21046,0.17,21.046,171.05388197282144,36949040328,2024-10-22 11:05:51.334206,22/10/24
11:6:10,19093,0.19,19.093,188.5507777719583,36949059421,2024-10-22 11:06:10.427206,22/10/24
11:6:29,19033,0.19,19.033,189.1451689171439,36949078454,2024-10-22 11:06:29.460206,22/10/24
11:6:48,18983,0.19,18.983,189.64336511615656,36949097437,2024-10-22 11:06:48.443206,22/10/24
11:7:15,26962,0.13,26.962,133.5212521326311,36949124399,2024-10-22 11:07:15.405206,22/10/24
11:7:44,28681,0.12,28.681,125.5186360308218,36949153080,2024-10-22 11:07:44.086206,22/10/24
11:8:12,28802,0.12,28.802,124.99132004721895,36949181882,2024-10-22 11:08:12.888206,22/10/24
11:8:46,33404,0.11,33.404,107.77152436833912,36949215286,2024-10-22 11:08:46.292206,22/10/24
11:9:19,33559,0.11,33.559,107.27375666736197,36949248845,2024-10-22 11:09:19.851206,22/10/24
11:9:53,33322,0.11,33.322,108.03673248904627,36949282167,2024-10-22 11:09:53.173206,22/10/24
11:10:26,33242,0.11,33.242,108.29673304855304,36949315409,2024-10-22 11:10:26.415206,22/10/24
11:10:59,33423,0.11,33.423,107.71025940220807,36949348832,2024-10-22 11:10:59.838206,22/10/24
11:11:33,34109,0.1,34.109,105.54399132193849,36949382941,2024-10-22 11:11:33.947206,22/10/24
11:12:8,34174,0.1,34.174,105.34324340141629,36949417115,2024-10-22 11:12:08.121206,22/10/24
11:12:42,34227,0.1,34.227,105.1801209571391,36949451342,2024-10-22 11:12:42.348206,22/10/24
11:13:16,33890,0.11,33.89,106.22602537621718,36949485232,2024-10-22 11:13:16.238206,22/10/24
11:13:50,34012,0.1,34.012,105.84499588380571,36949519244,2024-10-22 11:13:50.250206,22/10/24
11:14:24,34277,0.1,34.277,105.02669428479739,36949553521,2024-10-22 11:14:24.527206,22/10/24
11:14:58,33525,0.11,33.525,107.38255033557047,36949587046,2024-10-22 11:14:58.052206,22/10/24
11:15:30,32282,0.11,32.282,111.51725419738554,36949619328,2024-10-22 11:15:30.334206,22/10/24
11:16:3,32796,0.11,32.796,109.76948408342481,36949652124,2024-10-22 11:16:03.130206,22/10/24
11:16:34,31235,0.12,31.235,115.25532255482632,36949683359,2024-10-22 11:16:34.365206,22/10/24
11:17:3,29627,0.12,29.627,121.51078408208728,36949712986,2024-10-22 11:17:03.992206,22/10/24
11:17:34,30074,0.12,30.074,119.7047283367693,36949743060,2024-10-22 11:17:34.066206,22/10/24
11:18:4,30446,0.12,30.446,118.24213361361099,36949773506,2024-10-22 11:18:04.512206,22/10/24
11:18:35,31061,0.12,31.061,115.9009690608802,36949804567,2024-10-22 11:18:35.573206,22/10/24
11:19:7,32110,0.11,32.11,112.11460604173155,36949836677,2024-10-22 11:19:07.683206,22/10/24
11:19:39,32175,0.11,32.175,111.8881118881119,36949868852,2024-10-22 11:19:39.858206,22/10/24
11:20:11,31853,0.11,31.853,113.01918186670015,36949900705,2024-10-22 11:20:11.711206,22/10/24
11:20:43,32233,0.11,32.233,111.68678062854838,36949932938,2024-10-22 11:20:43.944206,22/10/24
11:21:15,31981,0.11,31.981,112.56683655920703,36949964919,2024-10-22 11:21:15.925206,22/10/24
11:21:48,32086,0.11,32.086,112.19846662095618,36949997005,2024-10-22 11:21:48.011206,22/10/24
11:22:19,31765,0.11,31.765,113.3322839603337,36950028770,2024-10-22 11:22:19.776206,22/10/24
11:22:49,30188,0.12,30.188,119.25268318537167,36950058958,2024-10-22 11:22:49.964206,22/10/24
11:23:20,30141,0.12,30.141,119.43863839952225,36950089099,2024-10-22 11:23:20.105206,22/10/24
11:23:50,30313,0.12,30.313,118.76092765480158,36950119412,2024-10-22 11:23:50.418206,22/10/24
11:24:22,31596,0.11,31.596,113.93847322445879,36950151008,2024-10-22 11:24:22.014206,22/10/24
11:24:53,31037,0.12,31.037,115.99059187421464,36950182045,2024-10-22 11:24:53.051206,22/10/24
